regime,country,tier,model,feature,importance_raw,importance_norm,rank
911,JP,core,Ridge,RV_d,0.04158683554739588,0.17019849398856077,3
911,JP,core,Ridge,RV_w,0.09049877839925215,0.3703757592664853,2
911,JP,core,Ridge,RV_m,0.005898170242719309,0.02413888143652784,8
911,JP,core,Ridge,log_return,0.014911270708357084,0.061025942094722195,7
911,JP,core,Ridge,neg_return,0.0024291886632201347,0.009941709838031701,9
911,JP,core,Ridge,semivariance,0.01618223703584194,0.06622750532983686,6
911,JP,core,Ridge,parkinson_rv,0.0017513849328027443,0.007167726854753424,10
911,JP,core,Ridge,hl_range,0.2443431464804323,1.0,1
911,JP,core,Ridge,weekday_sin,0.02633736515349318,0.10778843414624832,4
911,JP,core,Ridge,weekday_cos,0.02296291490923331,0.09397814196958558,5
911,JP,extended,ElasticNet,RV_d,0.026966658331646225,0.09974292360575786,3
911,JP,extended,ElasticNet,RV_w,0.0948255996186572,0.35073617288110304,2
911,JP,extended,ElasticNet,RV_m,0.0,0.0,21
911,JP,extended,ElasticNet,log_return,0.0,0.0,22
911,JP,extended,ElasticNet,neg_return,0.0,0.0,23
911,JP,extended,ElasticNet,semivariance,0.01331553398892485,0.04925082941658369,9
911,JP,extended,ElasticNet,parkinson_rv,0.0138633305838488,0.05127699199286676,8
911,JP,extended,ElasticNet,hl_range,0.270361619218564,1.0,1
911,JP,extended,ElasticNet,weekday_sin,0.021241910894983815,0.07856851485199741,5
911,JP,extended,ElasticNet,weekday_cos,0.017355138597676758,0.06419231637922182,7
911,JP,extended,ElasticNet,momentum_1w,0.019791937810628605,0.07320542711585307,6
911,JP,extended,ElasticNet,momentum_1m,0.0,0.0,24
911,JP,extended,ElasticNet,momentum_3m,0.002297087101779828,0.008496350585631134,18
911,JP,extended,ElasticNet,momentum_6m,0.007282046976142783,0.026934470200283413,13
911,JP,extended,ElasticNet,fx_level,0.0006511819407060589,0.0024085591090488127,19
911,JP,extended,ElasticNet,fx_change,0.008775132919621429,0.03245702161787799,11
911,JP,extended,ElasticNet,rate_3y,0.008723041752024752,0.03226434941926031,12
911,JP,extended,ElasticNet,rate_10y,0.006232107442433591,0.02305100650176041,14
911,JP,extended,ElasticNet,rate_spread,0.0,0.0,25
911,JP,extended,ElasticNet,policy_rate,0.004136905327590817,0.015301377982377323,17
911,JP,extended,ElasticNet,gold_chg,0.00037191521086239466,0.0013756213324115853,20
911,JP,extended,ElasticNet,crb_chg,0.0,0.0,26
911,JP,extended,ElasticNet,wti_chg,0.0,0.0,27
911,JP,extended,ElasticNet,natgas_chg,0.005591122208169841,0.020680162459191007,15
911,JP,extended,ElasticNet,corn_chg,0.004515917860578345,0.016703250533973226,16
911,JP,extended,ElasticNet,epu,0.0,0.0,28
911,JP,extended,ElasticNet,spillover_SP500,0.009377413127532314,0.0346847054498201,10
911,JP,extended,ElasticNet,spillover_KOSPI,0.022572603393445256,0.08349041353831091,4
911,JP,momentum,Ridge,RV_d,0.031710609790738836,0.1331339119149003,3
911,JP,momentum,Ridge,RV_w,0.0890482197355466,0.37386029220773065,2
911,JP,momentum,Ridge,RV_m,0.009216726598629155,0.03869553046198367,9
911,JP,momentum,Ridge,log_return,0.0025712957132029207,0.010795335039211252,11
911,JP,momentum,Ridge,neg_return,0.002180580114404858,0.009154953587784525,12
911,JP,momentum,Ridge,semivariance,0.016687997240263562,0.07006293380300156,7
911,JP,momentum,Ridge,parkinson_rv,0.0004917643157752473,0.002064624664469045,14
911,JP,momentum,Ridge,hl_range,0.2381858185839862,1.0,1
911,JP,momentum,Ridge,weekday_sin,0.028043686512981975,0.11773869107615889,5
911,JP,momentum,Ridge,weekday_cos,0.02256389515775295,0.09473231988325427,6
911,JP,momentum,Ridge,momentum_1w,0.029274317450016313,0.12290537540837664,4
911,JP,momentum,Ridge,momentum_1m,0.000710840967233381,0.0029843966843170087,13
911,JP,momentum,Ridge,momentum_3m,0.0030402871762671827,0.012764350095827194,10
911,JP,momentum,Ridge,momentum_6m,0.012062240797419469,0.0506421451500742,8
covid,JP,core,XGBoost,RV_d,0.06274232268333435,0.15182709989579787,4
covid,JP,core,XGBoost,RV_w,0.08052153885364532,0.19485016174804576,3
covid,JP,core,XGBoost,RV_m,0.02282545529305935,0.05523421086014248,5
covid,JP,core,XGBoost,log_return,0.019429152831435204,0.047015663457619865,7
covid,JP,core,XGBoost,neg_return,0.017814479768276215,0.043108394520564544,8
covid,JP,core,XGBoost,semivariance,0.015873441472649574,0.03841137020574819,9
covid,JP,core,XGBoost,parkinson_rv,0.3318447768688202,0.8030150611708846,2
covid,JP,core,XGBoost,hl_range,0.4132485091686249,1.0,1
covid,JP,core,XGBoost,weekday_sin,0.013862199150025845,0.033544462575107355,10
covid,JP,core,XGBoost,weekday_cos,0.021838096901774406,0.05284495023517056,6
covid,JP,extended,XGBoost,RV_d,0.04858577996492386,0.16943722837991138,4
covid,JP,extended,XGBoost,RV_w,0.10190824419260025,0.35539308944969505,3
covid,JP,extended,XGBoost,RV_m,0.030074216425418854,0.10488031437386357,6
covid,JP,extended,XGBoost,log_return,0.016500653699040413,0.05754410099499411,8
covid,JP,extended,XGBoost,neg_return,0.016248241066932678,0.05666384144532157,9
covid,JP,extended,XGBoost,semivariance,0.014189151115715504,0.04948300592984686,12
covid,JP,extended,XGBoost,parkinson_rv,0.2669827938079834,0.9310712854791764,2
covid,JP,extended,XGBoost,hl_range,0.2867479622364044,1.0,1
covid,JP,extended,XGBoost,weekday_sin,0.010193751193583012,0.0355495157283069,18
covid,JP,extended,XGBoost,weekday_cos,0.012328441254794598,0.04299399779040322,15
covid,JP,extended,XGBoost,momentum_1w,0.014907985925674438,0.05198985830415006,11
covid,JP,extended,XGBoost,momentum_1m,0.032548196613788605,0.11350803109441038,5
covid,JP,extended,XGBoost,momentum_3m,0.018990090116858482,0.06622571950904547,7
covid,JP,extended,XGBoost,momentum_6m,0.008204871788620949,0.028613531285905297,22
covid,JP,extended,XGBoost,fx_level,0.009690380655229092,0.0337940698153594,20
covid,JP,extended,XGBoost,fx_change,0.009578955359756947,0.033405487122031376,21
covid,JP,extended,XGBoost,rate_3y,0.007004078011959791,0.024425903351966628,23
covid,JP,extended,XGBoost,rate_10y,0.005915235728025436,0.0206286931627738,25
covid,JP,extended,XGBoost,rate_spread,0.010876182466745377,0.03792941502328339,16
covid,JP,extended,XGBoost,policy_rate,0.0,0.0,28
covid,JP,extended,XGBoost,gold_chg,0.006940539460629225,0.0242043200812957,24
covid,JP,extended,XGBoost,crb_chg,0.00506931496784091,0.0176786433922819,27
covid,JP,extended,XGBoost,wti_chg,0.012331568636000156,0.043004904166794415,14
covid,JP,extended,XGBoost,natgas_chg,0.010691788978874683,0.037286364288301455,17
covid,JP,extended,XGBoost,corn_chg,0.005679558962583542,0.01980679799182366,26
covid,JP,extended,XGBoost,epu,0.015521117486059666,0.0541280829513395,10
covid,JP,extended,XGBoost,spillover_SP500,0.009815444238483906,0.03423021444313432,19
covid,JP,extended,XGBoost,spillover_KOSPI,0.012475291267037392,0.043506120042632955,13
covid,JP,momentum,XGBoost,RV_d,0.06750094890594482,0.1844250845460909,4
covid,JP,momentum,XGBoost,RV_w,0.10249316692352295,0.2800303000422354,3
covid,JP,momentum,XGBoost,RV_m,0.023232094943523407,0.06347438285811671,5
covid,JP,momentum,XGBoost,log_return,0.01434024702757597,0.03918020877243709,9
covid,JP,momentum,XGBoost,neg_return,0.01946464367210865,0.05318100875722682,7
covid,JP,momentum,XGBoost,semivariance,0.013600029051303864,0.037157796272033014,11
covid,JP,momentum,XGBoost,parkinson_rv,0.36600741744041443,1.0,1
covid,JP,momentum,XGBoost,hl_range,0.30836522579193115,0.842510864802713,2
covid,JP,momentum,XGBoost,weekday_sin,0.012394924648106098,0.03386522801856598,13
covid,JP,momentum,XGBoost,weekday_cos,0.014077072963118553,0.038461168523750706,10
covid,JP,momentum,XGBoost,momentum_1w,0.01306566409766674,0.035697812325876745,12
covid,JP,momentum,XGBoost,momentum_1m,0.020163413137197495,0.05509017625436532,6
covid,JP,momentum,XGBoost,momentum_3m,0.01723393239080906,0.047086292707755634,8
covid,JP,momentum,XGBoost,momentum_6m,0.00806126557290554,0.022024869411882628,14
gfc,JP,core,Ridge,RV_d,0.0942150782828614,0.37543004420761905,3
gfc,JP,core,Ridge,RV_w,0.1304490569798365,0.5198158948798661,2
gfc,JP,core,Ridge,RV_m,0.023037625555967986,0.09180077051943578,4
gfc,JP,core,Ridge,log_return,0.008076841366176604,0.03218475180859889,8
gfc,JP,core,Ridge,neg_return,0.003705018830944672,0.014763829833219496,9
gfc,JP,core,Ridge,semivariance,0.009164209862119509,0.03651771856871968,7
gfc,JP,core,Ridge,parkinson_rv,0.0031213603645226544,0.012438056423648071,10
gfc,JP,core,Ridge,hl_range,0.2509524203948869,1.0,1
gfc,JP,core,Ridge,weekday_sin,0.017002580103101433,0.06775220608092551,6
gfc,JP,core,Ridge,weekday_cos,0.021854427811885485,0.0870859415402186,5
gfc,JP,extended,ElasticNet,RV_d,0.08673655043814062,0.3549005073472426,3
gfc,JP,extended,ElasticNet,RV_w,0.13393593994026456,0.5480265562409044,2
gfc,JP,extended,ElasticNet,RV_m,0.015567220777252408,0.0636964984648962,5
gfc,JP,extended,ElasticNet,log_return,0.0,0.0,19
gfc,JP,extended,ElasticNet,neg_return,0.0,0.0,20
gfc,JP,extended,ElasticNet,semivariance,0.008602677522525413,0.03519963154940565,8
gfc,JP,extended,ElasticNet,parkinson_rv,0.0,0.0,21
gfc,JP,extended,ElasticNet,hl_range,0.24439680598505215,1.0,1
gfc,JP,extended,ElasticNet,weekday_sin,0.012407103197428201,0.05076622481795874,6
gfc,JP,extended,ElasticNet,weekday_cos,0.01695176298471366,0.06936163881679562,4
gfc,JP,extended,ElasticNet,momentum_1w,0.010920389382275943,0.04468302823459918,7
gfc,JP,extended,ElasticNet,momentum_1m,0.004705226430134834,0.019252405575311063,11
gfc,JP,extended,ElasticNet,momentum_3m,0.0,0.0,22
gfc,JP,extended,ElasticNet,momentum_6m,0.0023810623271220883,0.00974260820441213,14
gfc,JP,extended,ElasticNet,fx_level,0.0058209087365725,0.023817450122193985,10
gfc,JP,extended,ElasticNet,fx_change,0.00350036974600944,0.014322485647474176,13
gfc,JP,extended,ElasticNet,rate_3y,0.0,0.0,23
gfc,JP,extended,ElasticNet,rate_10y,0.00017406739601798877,0.0007122326959896322,17
gfc,JP,extended,ElasticNet,rate_spread,0.00047352400877822274,0.0019375212653441327,16
gfc,JP,extended,ElasticNet,policy_rate,4.786692975080693e-05,0.00019585742766922484,18
gfc,JP,extended,ElasticNet,gold_chg,0.0,0.0,24
gfc,JP,extended,ElasticNet,crb_chg,0.004296426660652803,0.017579716900701158,12
gfc,JP,extended,ElasticNet,wti_chg,0.0,0.0,25
gfc,JP,extended,ElasticNet,natgas_chg,0.0,0.0,26
gfc,JP,extended,ElasticNet,corn_chg,0.0,0.0,27
gfc,JP,extended,ElasticNet,epu,0.0,0.0,28
gfc,JP,extended,ElasticNet,spillover_SP500,0.008158343744366333,0.03338154814046676,9
gfc,JP,extended,ElasticNet,spillover_KOSPI,0.0013948989738037196,0.005707517200077626,15
gfc,JP,momentum,Ridge,RV_d,0.08754531701085713,0.3544125874477661,3
gfc,JP,momentum,Ridge,RV_w,0.126740002054187,0.5130857205713124,2
gfc,JP,momentum,Ridge,RV_m,0.02844679106167084,0.11516208026869579,4
gfc,JP,momentum,Ridge,log_return,0.001468081978084111,0.005943284577674183,14
gfc,JP,momentum,Ridge,neg_return,0.0034826044533683084,0.014098742200251596,12
gfc,JP,momentum,Ridge,semivariance,0.009192314349107706,0.037213548643572306,8
gfc,JP,momentum,Ridge,parkinson_rv,0.001954780860367023,0.007913603677169026,13
gfc,JP,momentum,Ridge,hl_range,0.24701525880132488,1.0,1
gfc,JP,momentum,Ridge,weekday_sin,0.017003029229569495,0.06883392269805115,6
gfc,JP,momentum,Ridge,weekday_cos,0.021831507978555174,0.088381212093923,5
gfc,JP,momentum,Ridge,momentum_1w,0.014421550987033255,0.05838323938778435,7
gfc,JP,momentum,Ridge,momentum_1m,0.00648183355755141,0.02624062006940538,9
gfc,JP,momentum,Ridge,momentum_3m,0.00448459895605166,0.01815514951511006,11
gfc,JP,momentum,Ridge,momentum_6m,0.006378617135734617,0.025822765632729425,10
normal,JP,core,Ridge,RV_d,0.09895405803572348,0.0534340165043663,4
normal,JP,core,Ridge,RV_w,0.11996814088788471,0.06478137175422514,3
normal,JP,core,Ridge,RV_m,0.02370651208802077,0.0128012350712788,5
normal,JP,core,Ridge,log_return,0.0010771437783090277,0.0005816448518661224,10
normal,JP,core,Ridge,neg_return,1.8518925678670919,1.0,1
normal,JP,core,Ridge,semivariance,0.006206251485756526,0.003351302118407735,8
normal,JP,core,Ridge,parkinson_rv,0.002468481966069886,0.0013329509545539934,9
normal,JP,core,Ridge,hl_range,0.27026905064567064,0.1459420785715187,2
normal,JP,core,Ridge,weekday_sin,0.015075875401984705,0.008140793728303727,6
normal,JP,core,Ridge,weekday_cos,0.010432446821572948,0.0056333974241218904,7
normal,JP,extended,XGBoost,RV_d,0.0735846534371376,0.2909645643240662,4
normal,JP,extended,XGBoost,RV_w,0.09185632318258286,0.36321343930855515,3
normal,JP,extended,XGBoost,RV_m,0.020603658631443977,0.08146990271961091,9
normal,JP,extended,XGBoost,log_return,0.020699480548501015,0.0818487967015336,8
normal,JP,extended,XGBoost,neg_return,0.014608103781938553,0.05776259524200369,15
normal,JP,extended,XGBoost,semivariance,0.014798355288803577,0.05851487773871028,13
normal,JP,extended,XGBoost,parkinson_rv,0.22603610157966614,0.8937800580092844,2
normal,JP,extended,XGBoost,hl_range,0.25289902091026306,1.0,1
normal,JP,extended,XGBoost,weekday_sin,0.007961183786392212,0.03147969398116849,25
normal,JP,extended,XGBoost,weekday_cos,0.01152744796127081,0.04558122811144109,21
normal,JP,extended,XGBoost,momentum_1w,0.014259092509746552,0.05638255323576816,16
normal,JP,extended,XGBoost,momentum_1m,0.025968430563807487,0.10268300158038945,7
normal,JP,extended,XGBoost,momentum_3m,0.029109036549925804,0.11510142050037692,6
normal,JP,extended,XGBoost,momentum_6m,0.013526063412427902,0.05348404815385741,18
normal,JP,extended,XGBoost,fx_level,0.01688343845307827,0.06675960386208483,10
normal,JP,extended,XGBoost,fx_change,0.007404572796076536,0.029278772094194556,27
normal,JP,extended,XGBoost,rate_3y,0.01635889708995819,0.06468549000734514,11
normal,JP,extended,XGBoost,rate_10y,0.007712952792644501,0.03049815204852577,26
normal,JP,extended,XGBoost,rate_spread,0.011484173126518726,0.04541011303714652,22
normal,JP,extended,XGBoost,policy_rate,0.005824665073305368,0.023031584117410055,28
normal,JP,extended,XGBoost,gold_chg,0.014865159057080746,0.05877902968377009,12
normal,JP,extended,XGBoost,crb_chg,0.01375242043286562,0.054379097172327265,17
normal,JP,extended,XGBoost,wti_chg,0.012248293496668339,0.0484315575939475,20
normal,JP,extended,XGBoost,natgas_chg,0.012757997028529644,0.0504470004771454,19
normal,JP,extended,XGBoost,corn_chg,0.008180368691682816,0.032346383399346895,24
normal,JP,extended,XGBoost,epu,0.03037625178694725,0.12011217630504686,5
normal,JP,extended,XGBoost,spillover_SP500,0.009968889877200127,0.03941845975250896,23
normal,JP,extended,XGBoost,spillover_KOSPI,0.014745000749826431,0.05830390602840035,14
normal,JP,momentum,XGBoost,RV_d,0.08596976846456528,0.2516759322027983,4
normal,JP,momentum,XGBoost,RV_w,0.10036932677030563,0.293830544511653,3
normal,JP,momentum,XGBoost,RV_m,0.024567803367972374,0.07192208290473685,6
normal,JP,momentum,XGBoost,log_return,0.01911097764968872,0.055947261475698035,8
normal,JP,momentum,XGBoost,neg_return,0.018551278859376907,0.05430874694529582,9
normal,JP,momentum,XGBoost,semivariance,0.01753983646631241,0.05134775598660947,11
normal,JP,momentum,XGBoost,parkinson_rv,0.286393940448761,0.8384163785364117,2
normal,JP,momentum,XGBoost,hl_range,0.34158915281295776,1.0,1
normal,JP,momentum,XGBoost,weekday_sin,0.011864818632602692,0.034734178573578564,14
normal,JP,momentum,XGBoost,weekday_cos,0.014521808363497257,0.04251249854953354,12
normal,JP,momentum,XGBoost,momentum_1w,0.017540689557790756,0.05135025340630597,10
normal,JP,momentum,XGBoost,momentum_1m,0.019959207624197006,0.05843044915166252,7
normal,JP,momentum,XGBoost,momentum_3m,0.029847024008631706,0.08737696663621777,5
normal,JP,momentum,XGBoost,momentum_6m,0.01217428408563137,0.035640136653571027,13
911,KR,core,XGBoost,RV_d,0.10358111560344696,0.30489963356132926,3
911,KR,core,XGBoost,RV_w,0.06756646186113358,0.19888750321404725,4
911,KR,core,XGBoost,RV_m,0.05939614772796631,0.17483750364828907,5
911,KR,core,XGBoost,log_return,0.044982124119997025,0.1324086256562863,7
911,KR,core,XGBoost,neg_return,0.051025763154029846,0.15019858009072407,6
911,KR,core,XGBoost,semivariance,0.03243051841855049,0.0954619297582747,8
911,KR,core,XGBoost,parkinson_rv,0.2535931468009949,0.7464725310480693,2
911,KR,core,XGBoost,hl_range,0.33972200751304626,1.0,1
911,KR,core,XGBoost,weekday_sin,0.02515292540192604,0.07403972908926161,9
911,KR,core,XGBoost,weekday_cos,0.022549793124198914,0.06637719260308132,10
911,KR,extended,LightGBM,RV_d,116.0,0.6863905325443787,10
911,KR,extended,LightGBM,RV_w,146.0,0.863905325443787,4
911,KR,extended,LightGBM,RV_m,74.0,0.4378698224852071,17
911,KR,extended,LightGBM,log_return,160.0,0.9467455621301775,2
911,KR,extended,LightGBM,neg_return,37.0,0.21893491124260356,22
911,KR,extended,LightGBM,semivariance,8.0,0.047337278106508875,28
911,KR,extended,LightGBM,parkinson_rv,169.0,1.0,1
911,KR,extended,LightGBM,hl_range,98.0,0.5798816568047337,13
911,KR,extended,LightGBM,weekday_sin,39.0,0.23076923076923078,21
911,KR,extended,LightGBM,weekday_cos,36.0,0.21301775147928995,23
911,KR,extended,LightGBM,momentum_1w,140.0,0.8284023668639053,7
911,KR,extended,LightGBM,momentum_1m,86.0,0.5088757396449705,15
911,KR,extended,LightGBM,momentum_3m,65.0,0.38461538461538464,20
911,KR,extended,LightGBM,momentum_6m,68.0,0.40236686390532544,18
911,KR,extended,LightGBM,fx_level,101.0,0.5976331360946746,12
911,KR,extended,LightGBM,fx_change,122.0,0.7218934911242604,9
911,KR,extended,LightGBM,rate_3y,67.0,0.39644970414201186,19
911,KR,extended,LightGBM,rate_10y,9.0,0.05325443786982249,27
911,KR,extended,LightGBM,rate_spread,30.0,0.17751479289940827,24
911,KR,extended,LightGBM,policy_rate,14.0,0.08284023668639054,25
911,KR,extended,LightGBM,gold_chg,108.0,0.6390532544378699,11
911,KR,extended,LightGBM,crb_chg,143.0,0.8461538461538461,5
911,KR,extended,LightGBM,wti_chg,143.0,0.8461538461538461,6
911,KR,extended,LightGBM,natgas_chg,139.0,0.8224852071005917,8
911,KR,extended,LightGBM,corn_chg,82.0,0.48520710059171596,16
911,KR,extended,LightGBM,epu,12.0,0.07100591715976332,26
911,KR,extended,LightGBM,spillover_SP500,150.0,0.8875739644970414,3
911,KR,extended,LightGBM,spillover_Nikkei,87.0,0.514792899408284,14
911,KR,momentum,LightGBM,RV_d,336.0,0.9491525423728814,2
911,KR,momentum,LightGBM,RV_w,292.0,0.8248587570621468,6
911,KR,momentum,LightGBM,RV_m,176.0,0.4971751412429379,9
911,KR,momentum,LightGBM,log_return,332.0,0.9378531073446328,4
911,KR,momentum,LightGBM,neg_return,56.0,0.15819209039548024,12
911,KR,momentum,LightGBM,semivariance,6.0,0.01694915254237288,14
911,KR,momentum,LightGBM,parkinson_rv,354.0,1.0,1
911,KR,momentum,LightGBM,hl_range,300.0,0.847457627118644,5
911,KR,momentum,LightGBM,weekday_sin,99.0,0.2796610169491525,11
911,KR,momentum,LightGBM,weekday_cos,41.0,0.11581920903954802,13
911,KR,momentum,LightGBM,momentum_1w,334.0,0.943502824858757,3
911,KR,momentum,LightGBM,momentum_1m,169.0,0.4774011299435028,10
911,KR,momentum,LightGBM,momentum_3m,181.0,0.5112994350282486,8
911,KR,momentum,LightGBM,momentum_6m,191.0,0.53954802259887,7
covid,KR,core,Huber,RV_d,0.13294236798655915,0.022680107963002252,4
covid,KR,core,Huber,RV_w,0.1632836458066375,0.027856361907601736,3
covid,KR,core,Huber,RV_m,0.09209033586038734,0.015710708266260823,5
covid,KR,core,Huber,log_return,0.07429472191335357,0.01267475778862648,6
covid,KR,core,Huber,neg_return,5.861628533842352,1.0,1
covid,KR,core,Huber,semivariance,0.001961990657165394,0.000334717672032228,10
covid,KR,core,Huber,parkinson_rv,0.03351179827031573,0.005717148071876952,7
covid,KR,core,Huber,hl_range,0.21562160788795826,0.03678527334904593,2
covid,KR,core,Huber,weekday_sin,0.010143072207113456,0.0017304187988972713,8
covid,KR,core,Huber,weekday_cos,0.005481899320767513,0.0009352177964054773,9
covid,KR,extended,Huber,RV_d,0.11866956811426259,0.019615812740580815,4
covid,KR,extended,Huber,RV_w,0.17917448349906695,0.02961713918789907,3
covid,KR,extended,Huber,RV_m,0.0794072978424205,0.013125847759154681,5
covid,KR,extended,Huber,log_return,0.06835160621803743,0.011298366796110362,6
covid,KR,extended,Huber,neg_return,6.049689079094912,1.0,1
covid,KR,extended,Huber,semivariance,0.0020876381113583416,0.0003450818850463421,24
covid,KR,extended,Huber,parkinson_rv,0.030446666148319177,0.005032765444678733,7
covid,KR,extended,Huber,hl_range,0.2137853763772689,0.03533824194635357,2
covid,KR,extended,Huber,weekday_sin,0.010888391433823323,0.0017998266177759214,10
covid,KR,extended,Huber,weekday_cos,0.005095696900212161,0.0008423072382051283,17
covid,KR,extended,Huber,momentum_1w,0.008400743184133648,0.0013886239564216538,12
covid,KR,extended,Huber,momentum_1m,0.0078697828918533,0.0013008574141517189,14
covid,KR,extended,Huber,momentum_3m,0.002568775219226817,0.00042461276697729547,21
covid,KR,extended,Huber,momentum_6m,0.006343358560368743,0.0010485429048392957,15
covid,KR,extended,Huber,fx_level,0.00818309221755263,0.001352646741107709,13
covid,KR,extended,Huber,fx_change,0.003309095205999782,0.0005469859959306955,19
covid,KR,extended,Huber,rate_3y,0.008426788365707726,0.001392929166364439,11
covid,KR,extended,Huber,rate_10y,0.0011967499464420638,0.00019782007484938523,27
covid,KR,extended,Huber,rate_spread,0.014243637350531194,0.0023544412224011635,9
covid,KR,extended,Huber,policy_rate,0.002356682901188865,0.000389554383767016,22
covid,KR,extended,Huber,gold_chg,0.0009414234996982601,0.00015561518739060646,28
covid,KR,extended,Huber,crb_chg,0.0018030946482126603,0.00029804749048068755,25
covid,KR,extended,Huber,wti_chg,0.0013558467041987065,0.00022411841112362645,26
covid,KR,extended,Huber,natgas_chg,0.0030206022405768473,0.0004992987575204042,20
covid,KR,extended,Huber,corn_chg,0.0021960424368429893,0.0003630008762651216,23
covid,KR,extended,Huber,epu,0.00360500391423505,0.0005958990399510567,18
covid,KR,extended,Huber,spillover_SP500,0.016237545140148458,0.002684029696048072,8
covid,KR,extended,Huber,spillover_Nikkei,0.005815071733420195,0.0009612182803765152,16
covid,KR,momentum,Huber,RV_d,0.12333574255664656,0.0275528211500411,4
covid,KR,momentum,Huber,RV_w,0.1734655480037917,0.03875166371700558,3
covid,KR,momentum,Huber,RV_m,0.09292295731293312,0.02075869955053979,5
covid,KR,momentum,Huber,log_return,0.06562907793996525,0.014661331818644999,6
covid,KR,momentum,Huber,neg_return,4.476338081135571,1.0,1
covid,KR,momentum,Huber,semivariance,0.0025786362966416314,0.0005760593257038965,14
covid,KR,momentum,Huber,parkinson_rv,0.03656681419703669,0.008168912520512817,7
covid,KR,momentum,Huber,hl_range,0.206877483763982,0.046215786210567156,2
covid,KR,momentum,Huber,weekday_sin,0.010458413436293614,0.0023363770221842784,9
covid,KR,momentum,Huber,weekday_cos,0.005537623944670132,0.0012370879599123868,12
covid,KR,momentum,Huber,momentum_1w,0.012220306502626272,0.0027299784513876994,8
covid,KR,momentum,Huber,momentum_1m,0.008454494186873888,0.0018887076967004078,11
covid,KR,momentum,Huber,momentum_3m,0.002638618415104756,0.0005894591443449202,13
covid,KR,momentum,Huber,momentum_6m,0.009584744204307197,0.002141202034024139,10
gfc,KR,core,Huber,RV_d,0.12420024586889455,0.014388418986045776,4
gfc,KR,core,Huber,RV_w,0.19893155284096592,0.023045932894866974,2
gfc,KR,core,Huber,RV_m,0.03995841538108317,0.004629124672815737,7
gfc,KR,core,Huber,log_return,0.109188791553275,0.012649363698578643,5
gfc,KR,core,Huber,neg_return,8.6319592159046,1.0,1
gfc,KR,core,Huber,semivariance,0.004185986416609027,0.0004849404766528835,10
gfc,KR,core,Huber,parkinson_rv,0.0779471723084327,0.009030067260375038,6
gfc,KR,core,Huber,hl_range,0.19516130888067984,0.02260915558093582,3
gfc,KR,core,Huber,weekday_sin,0.005590420819077117,0.00064764217244871,9
gfc,KR,core,Huber,weekday_cos,0.01827610330124039,0.002117260154284118,8
gfc,KR,extended,Ridge,RV_d,0.13683229246538636,0.010070170718608688,4
gfc,KR,extended,Ridge,RV_w,0.18709832923598663,0.01376949901683079,3
gfc,KR,extended,Ridge,RV_m,0.00730008002871542,0.0005372492912611711,19
gfc,KR,extended,Ridge,log_return,0.09161942258448257,0.006742730169484534,5
gfc,KR,extended,Ridge,neg_return,13.587882101396126,1.0,1
gfc,KR,extended,Ridge,semivariance,0.005612515761079497,0.0004130530217437509,21
gfc,KR,extended,Ridge,parkinson_rv,0.030904659605001727,0.002274428006836057,6
gfc,KR,extended,Ridge,hl_range,0.2685958735523425,0.01976730969168071,2
gfc,KR,extended,Ridge,weekday_sin,0.002594911177484183,0.00019097245311081712,26
gfc,KR,extended,Ridge,weekday_cos,0.026407027178691977,0.0019434248090788712,7
gfc,KR,extended,Ridge,momentum_1w,0.01713332944530889,0.0012609271494597731,9
gfc,KR,extended,Ridge,momentum_1m,0.00834642465654562,0.0006142550100348635,18
gfc,KR,extended,Ridge,momentum_3m,0.0007901631710533559,5.815204791717823e-05,27
gfc,KR,extended,Ridge,momentum_6m,0.0037789309342218707,0.0002781103711397079,25
gfc,KR,extended,Ridge,fx_level,0.005547878208165809,0.00040829602190879893,22
gfc,KR,extended,Ridge,fx_change,0.004005460068384865,0.0002947817797133604,24
gfc,KR,extended,Ridge,rate_3y,0.01458999131147535,0.001073750213800888,13
gfc,KR,extended,Ridge,rate_10y,0.008438513374792886,0.0006210322780123215,17
gfc,KR,extended,Ridge,rate_spread,0.016071388309016946,0.0011827736058561801,10
gfc,KR,extended,Ridge,policy_rate,0.0005925825194423864,4.3611102526529855e-05,28
gfc,KR,extended,Ridge,gold_chg,0.006848516940771194,0.0005040165118938973,20
gfc,KR,extended,Ridge,crb_chg,0.01586340274015111,0.0011674669107204852,11
gfc,KR,extended,Ridge,wti_chg,0.010699235192605362,0.0007874100697051263,14
gfc,KR,extended,Ridge,natgas_chg,0.01518775221113022,0.0011177424191493176,12
gfc,KR,extended,Ridge,corn_chg,0.009821278525609666,0.0007227968606380939,15
gfc,KR,extended,Ridge,epu,0.00897545259585946,0.0006605483127453139,16
gfc,KR,extended,Ridge,spillover_SP500,0.019204629644952162,0.00141336445971804,8
gfc,KR,extended,Ridge,spillover_Nikkei,0.00465126377159283,0.0003423096945413533,23
gfc,KR,momentum,Huber,RV_d,0.1134142928917913,0.033435993067079034,4
gfc,KR,momentum,Huber,RV_w,0.20032936934281378,0.05905967611039473,2
gfc,KR,momentum,Huber,RV_m,0.040939193375328496,0.012069401051376353,7
gfc,KR,momentum,Huber,log_return,0.07763749848932311,0.022888533667543166,6
gfc,KR,momentum,Huber,neg_return,3.3919821871077795,1.0,1
gfc,KR,momentum,Huber,semivariance,0.008392174367713966,0.002474121002053277,11
gfc,KR,momentum,Huber,parkinson_rv,0.08067746787675258,0.023784755764163765,5
gfc,KR,momentum,Huber,hl_range,0.18578387395550275,0.05477147688499919,3
gfc,KR,momentum,Huber,weekday_sin,0.0025160860563571597,0.0007417745487934107,13
gfc,KR,momentum,Huber,weekday_cos,0.014841018831407845,0.004375323339790957,8
gfc,KR,momentum,Huber,momentum_1w,0.009300993750486729,0.0027420526516435955,10
gfc,KR,momentum,Huber,momentum_1m,0.010397670810479116,0.003065367162008841,9
gfc,KR,momentum,Huber,momentum_3m,0.0009472712070095974,0.00027926774220984375,14
gfc,KR,momentum,Huber,momentum_6m,0.00617508888717101,0.001820495670832601,12
normal,KR,core,LightGBM,RV_d,2134.0,1.0,1
normal,KR,core,LightGBM,RV_w,1812.0,0.8491096532333646,3
normal,KR,core,LightGBM,RV_m,1656.0,0.7760074976569822,6
normal,KR,core,LightGBM,log_return,1837.0,0.8608247422680413,2
normal,KR,core,LightGBM,neg_return,520.0,0.2436738519212746,8
normal,KR,core,LightGBM,semivariance,658.0,0.3083411433926898,7
normal,KR,core,LightGBM,parkinson_rv,1747.0,0.8186504217432052,4
normal,KR,core,LightGBM,hl_range,1673.0,0.7839737582005624,5
normal,KR,core,LightGBM,weekday_sin,432.0,0.20243673851921273,9
normal,KR,core,LightGBM,weekday_cos,242.0,0.1134020618556701,10
normal,KR,extended,XGBoost,RV_d,0.0929824709892273,0.28922087973381816,4
normal,KR,extended,XGBoost,RV_w,0.175875723361969,0.5470593639145557,3
normal,KR,extended,XGBoost,RV_m,0.029233934357762337,0.09093180814706782,5
normal,KR,extended,XGBoost,log_return,0.010538031347095966,0.03277842226007051,8
normal,KR,extended,XGBoost,neg_return,0.009722849354147911,0.030242808282131387,9
normal,KR,extended,XGBoost,semivariance,0.005613118410110474,0.0174595386350867,22
normal,KR,extended,XGBoost,parkinson_rv,0.20813457667827606,0.6474001468178996,2
normal,KR,extended,XGBoost,hl_range,0.3214929401874542,1.0,1
normal,KR,extended,XGBoost,weekday_sin,0.005026496481150389,0.015634858041422523,25
normal,KR,extended,XGBoost,weekday_cos,0.00807614903897047,0.025120766366631492,14
normal,KR,extended,XGBoost,momentum_1w,0.017093932256102562,0.05317047474241746,6
normal,KR,extended,XGBoost,momentum_1m,0.008364344947040081,0.026017196340806265,12
normal,KR,extended,XGBoost,momentum_3m,0.008465126156806946,0.02633067510555955,11
normal,KR,extended,XGBoost,momentum_6m,0.008003365248441696,0.02489437324432425,15
normal,KR,extended,XGBoost,fx_level,0.006218619644641876,0.01934294308614043,17
normal,KR,extended,XGBoost,fx_change,0.008216544054448605,0.025557463406996588,13
normal,KR,extended,XGBoost,rate_3y,0.0056216842494904995,0.017486182577485652,21
normal,KR,extended,XGBoost,rate_10y,0.00622469512745738,0.019361840803807144,16
normal,KR,extended,XGBoost,rate_spread,0.005739110056310892,0.01785143416513148,20
normal,KR,extended,XGBoost,policy_rate,0.003929304890334606,0.012222056534254002,28
normal,KR,extended,XGBoost,gold_chg,0.004011557437479496,0.012477902112377525,27
normal,KR,extended,XGBoost,crb_chg,0.009313713759183884,0.028970196837769743,10
normal,KR,extended,XGBoost,wti_chg,0.00596275832504034,0.018547089468165648,19
normal,KR,extended,XGBoost,natgas_chg,0.005528912413865328,0.017197616876568306,23
normal,KR,extended,XGBoost,corn_chg,0.006066862028092146,0.018870902809109014,18
normal,KR,extended,XGBoost,epu,0.014516382478177547,0.04515303654790497,7
normal,KR,extended,XGBoost,spillover_SP500,0.0046628485433757305,0.014503735418441674,26
normal,KR,extended,XGBoost,spillover_Nikkei,0.00536390021443367,0.016684348375756303,24
normal,KR,momentum,LightGBM,RV_d,884.0,0.8207985143918292,7
normal,KR,momentum,LightGBM,RV_w,779.0,0.72330547818013,9
normal,KR,momentum,LightGBM,RV_m,649.0,0.6025998142989787,10
normal,KR,momentum,LightGBM,log_return,784.0,0.7279480037140205,8
normal,KR,momentum,LightGBM,neg_return,418.0,0.3881151346332405,11
normal,KR,momentum,LightGBM,semivariance,377.0,0.3500464252553389,12
normal,KR,momentum,LightGBM,parkinson_rv,1077.0,1.0,1
normal,KR,momentum,LightGBM,hl_range,971.0,0.9015784586815228,2
normal,KR,momentum,LightGBM,weekday_sin,216.0,0.20055710306406685,13
normal,KR,momentum,LightGBM,weekday_cos,95.0,0.0882079851439183,14
normal,KR,momentum,LightGBM,momentum_1w,964.0,0.8950789229340761,3
normal,KR,momentum,LightGBM,momentum_1m,913.0,0.8477251624883937,4
normal,KR,momentum,LightGBM,momentum_3m,887.0,0.8235840297121634,6
normal,KR,momentum,LightGBM,momentum_6m,891.0,0.8272980501392758,5
911,US,core,XGBoost,RV_d,0.06781826913356781,0.18038723108324997,4
911,US,core,XGBoost,RV_w,0.11977075040340424,0.31857365730584997,3
911,US,core,XGBoost,RV_m,0.045503489673137665,0.12103299909640056,7
911,US,core,XGBoost,log_return,0.058354590088129044,0.15521515163213492,5
911,US,core,XGBoost,neg_return,0.05423170328140259,0.1442488420427483,6
911,US,core,XGBoost,semivariance,0.02030303329229355,0.05400326497532362,10
911,US,core,XGBoost,parkinson_rv,0.1891709417104721,0.5031685829279396,2
911,US,core,XGBoost,hl_range,0.3759593665599823,1.0,1
911,US,core,XGBoost,weekday_sin,0.03424152359366417,0.09107772445456846,9
911,US,core,XGBoost,weekday_cos,0.0346464104950428,0.09215466770267354,8
911,US,extended,XGBoost,RV_d,0.057132456451654434,0.29923818282129405,4
911,US,extended,XGBoost,RV_w,0.10141497105360031,0.5311732338103362,3
911,US,extended,XGBoost,RV_m,0.030174484476447105,0.1580425289422315,8
911,US,extended,XGBoost,log_return,0.02160092629492283,0.11313747619479848,14
911,US,extended,XGBoost,neg_return,0.024426953867077827,0.12793913899412396,11
911,US,extended,XGBoost,semivariance,0.01327789481729269,0.06954458750047121,25
911,US,extended,XGBoost,parkinson_rv,0.1325756460428238,0.6943810553950873,2
911,US,extended,XGBoost,hl_range,0.19092635810375214,1.0,1
911,US,extended,XGBoost,weekday_sin,0.01452571526169777,0.07608019870050779,23
911,US,extended,XGBoost,weekday_cos,0.012889639474451542,0.06751105296549534,27
911,US,extended,XGBoost,momentum_1w,0.04215173050761223,0.22077481038373115,5
911,US,extended,XGBoost,momentum_1m,0.027528343722224236,0.1441830452098444,10
911,US,extended,XGBoost,momentum_3m,0.034284867346286774,0.17957115867498966,7
911,US,extended,XGBoost,momentum_6m,0.028178846463561058,0.14759013236008128,9
911,US,extended,XGBoost,fx_level,0.02070249617099762,0.10843183925263784,15
911,US,extended,XGBoost,fx_change,0.017739398404955864,0.0929122546574529,18
911,US,extended,XGBoost,rate_3y,0.016682488843798637,0.08737656240597819,21
911,US,extended,XGBoost,rate_10y,0.01762385480105877,0.09230708099235681,19
911,US,extended,XGBoost,rate_spread,0.01321969274431467,0.06923974707112414,26
911,US,extended,XGBoost,policy_rate,0.040098439902067184,0.210020451342172,6
911,US,extended,XGBoost,gold_chg,0.024119649082422256,0.12632959284393458,12
911,US,extended,XGBoost,crb_chg,0.01591055653989315,0.08333347316690096,22
911,US,extended,XGBoost,wti_chg,0.0191864762455225,0.10049150068162035,16
911,US,extended,XGBoost,natgas_chg,0.019123241305351257,0.10016029999880588,17
911,US,extended,XGBoost,corn_chg,0.017256775870919228,0.09038446049204818,20
911,US,extended,XGBoost,epu,0.011917194351553917,0.06241775347266584,28
911,US,extended,XGBoost,spillover_KOSPI,0.021614808589220047,0.11321018639801556,13
911,US,extended,XGBoost,spillover_Nikkei,0.013716146349906921,0.0718399831544127,24
911,US,momentum,XGBoost,RV_d,0.06006476655602455,0.18482296075793367,4
911,US,momentum,XGBoost,RV_w,0.10741044580936432,0.3305085118794179,3
911,US,momentum,XGBoost,RV_m,0.03088308684527874,0.09502914729161303,9
911,US,momentum,XGBoost,log_return,0.030293207615613937,0.09321405281997186,10
911,US,momentum,XGBoost,neg_return,0.022179273888468742,0.06824698242528612,12
911,US,momentum,XGBoost,semivariance,0.010108338668942451,0.031103976395134538,14
911,US,momentum,XGBoost,parkinson_rv,0.20185402035713196,0.6211171677242686,2
911,US,momentum,XGBoost,hl_range,0.32498541474342346,1.0,1
911,US,momentum,XGBoost,weekday_sin,0.021027779206633568,0.06470376285420389,13
911,US,momentum,XGBoost,weekday_cos,0.026509195566177368,0.08157041628193198,11
911,US,momentum,XGBoost,momentum_1w,0.046424273401498795,0.14285032895445735,6
911,US,momentum,XGBoost,momentum_1m,0.03669985756278038,0.11292770659186345,7
911,US,momentum,XGBoost,momentum_3m,0.04663529992103577,0.14349967046322498,5
911,US,momentum,XGBoost,momentum_6m,0.03492492809891701,0.10746614006197877,8
covid,US,core,LightGBM,RV_d,1130.0,0.8521870286576169,5
covid,US,core,LightGBM,RV_w,1118.0,0.8431372549019608,6
covid,US,core,LightGBM,RV_m,1153.0,0.8695324283559578,2
covid,US,core,LightGBM,log_return,1326.0,1.0,1
covid,US,core,LightGBM,neg_return,781.0,0.5889894419306184,7
covid,US,core,LightGBM,semivariance,695.0,0.524132730015083,8
covid,US,core,LightGBM,parkinson_rv,1151.0,0.8680241327300151,3
covid,US,core,LightGBM,hl_range,1137.0,0.8574660633484162,4
covid,US,core,LightGBM,weekday_sin,269.0,0.2028657616892911,9
covid,US,core,LightGBM,weekday_cos,246.0,0.18552036199095023,10
covid,US,extended,LightGBM,RV_d,537.0,0.9010067114093959,4
covid,US,extended,LightGBM,RV_w,439.0,0.7365771812080537,8
covid,US,extended,LightGBM,RV_m,325.0,0.5453020134228188,17
covid,US,extended,LightGBM,log_return,566.0,0.9496644295302014,2
covid,US,extended,LightGBM,neg_return,223.0,0.37416107382550334,23
covid,US,extended,LightGBM,semivariance,162.0,0.27181208053691275,25
covid,US,extended,LightGBM,parkinson_rv,565.0,0.947986577181208,3
covid,US,extended,LightGBM,hl_range,500.0,0.8389261744966443,5
covid,US,extended,LightGBM,weekday_sin,121.0,0.20302013422818793,27
covid,US,extended,LightGBM,weekday_cos,158.0,0.2651006711409396,26
covid,US,extended,LightGBM,momentum_1w,596.0,1.0,1
covid,US,extended,LightGBM,momentum_1m,393.0,0.6593959731543624,12
covid,US,extended,LightGBM,momentum_3m,275.0,0.46140939597315433,22
covid,US,extended,LightGBM,momentum_6m,339.0,0.5687919463087249,15
covid,US,extended,LightGBM,fx_level,381.0,0.639261744966443,13
covid,US,extended,LightGBM,fx_change,460.0,0.7718120805369127,6
covid,US,extended,LightGBM,rate_3y,278.0,0.4664429530201342,21
covid,US,extended,LightGBM,rate_10y,285.0,0.47818791946308725,20
covid,US,extended,LightGBM,rate_spread,317.0,0.5318791946308725,18
covid,US,extended,LightGBM,policy_rate,73.0,0.12248322147651007,28
covid,US,extended,LightGBM,gold_chg,408.0,0.6845637583892618,10
covid,US,extended,LightGBM,crb_chg,338.0,0.5671140939597316,16
covid,US,extended,LightGBM,wti_chg,410.0,0.6879194630872483,9
covid,US,extended,LightGBM,natgas_chg,287.0,0.4815436241610738,19
covid,US,extended,LightGBM,corn_chg,403.0,0.6761744966442953,11
covid,US,extended,LightGBM,epu,219.0,0.3674496644295302,24
covid,US,extended,LightGBM,spillover_KOSPI,374.0,0.62751677852349,14
covid,US,extended,LightGBM,spillover_Nikkei,454.0,0.761744966442953,7
covid,US,momentum,LightGBM,RV_d,421.0,0.7491103202846975,6
covid,US,momentum,LightGBM,RV_w,380.0,0.6761565836298933,10
covid,US,momentum,LightGBM,RV_m,394.0,0.701067615658363,9
covid,US,momentum,LightGBM,log_return,562.0,1.0,1
covid,US,momentum,LightGBM,neg_return,396.0,0.7046263345195729,8
covid,US,momentum,LightGBM,semivariance,318.0,0.5658362989323843,12
covid,US,momentum,LightGBM,parkinson_rv,401.0,0.7135231316725978,7
covid,US,momentum,LightGBM,hl_range,441.0,0.7846975088967971,3
covid,US,momentum,LightGBM,weekday_sin,64.0,0.11387900355871886,14
covid,US,momentum,LightGBM,weekday_cos,95.0,0.16903914590747332,13
covid,US,momentum,LightGBM,momentum_1w,553.0,0.9839857651245552,2
covid,US,momentum,LightGBM,momentum_1m,346.0,0.6156583629893239,11
covid,US,momentum,LightGBM,momentum_3m,430.0,0.7651245551601423,4
covid,US,momentum,LightGBM,momentum_6m,424.0,0.7544483985765125,5
gfc,US,core,Ridge,RV_d,0.12198002357478055,0.005901986817011271,4
gfc,US,core,Ridge,RV_w,0.11871204843764481,0.00574386628536642,5
gfc,US,core,Ridge,RV_m,0.04398512340649424,0.0021282142016524033,6
gfc,US,core,Ridge,log_return,0.14628401349076878,0.007077932056905404,3
gfc,US,core,Ridge,neg_return,20.66762047370185,1.0,1
gfc,US,core,Ridge,semivariance,0.001970864392916825,9.536000505837704e-05,10
gfc,US,core,Ridge,parkinson_rv,0.021777355568080574,0.001053694381304843,8
gfc,US,core,Ridge,hl_range,0.31149660715718863,0.015071720885989126,2
gfc,US,core,Ridge,weekday_sin,0.006328532824357982,0.0003062051982428559,9
gfc,US,core,Ridge,weekday_cos,0.02834253266025128,0.001371349580195516,7
gfc,US,extended,Ridge,RV_d,0.08311928496646603,0.003976738999086902,6
gfc,US,extended,Ridge,RV_w,0.09450880373507137,0.0045216563848201686,5
gfc,US,extended,Ridge,RV_m,0.09862820609088785,0.004718744076418033,4
gfc,US,extended,Ridge,log_return,0.12385493266088486,0.005925685490924696,3
gfc,US,extended,Ridge,neg_return,20.90136792622071,1.0,1
gfc,US,extended,Ridge,semivariance,0.0017437665246949794,8.34283445394705e-05,26
gfc,US,extended,Ridge,parkinson_rv,0.02104831475060456,0.0010070304883825093,12
gfc,US,extended,Ridge,hl_range,0.29561731128203494,0.014143443258141196,2
gfc,US,extended,Ridge,weekday_sin,0.008837136192137164,0.0004228018100696175,19
gfc,US,extended,Ridge,weekday_cos,0.028886142107157734,0.0013820216078259712,9
gfc,US,extended,Ridge,momentum_1w,0.03801129336701045,0.0018186031412482523,8
gfc,US,extended,Ridge,momentum_1m,0.015437443109625316,0.0007385853004510333,14
gfc,US,extended,Ridge,momentum_3m,0.0141117249720971,0.0006751579620008497,15
gfc,US,extended,Ridge,momentum_6m,0.0019662916870870576,9.407478467571253e-05,24
gfc,US,extended,Ridge,fx_level,0.012086358875388097,0.0005782568355359073,17
gfc,US,extended,Ridge,fx_change,0.0019237570496328914,9.20397677522122e-05,25
gfc,US,extended,Ridge,rate_3y,0.02530912735182955,0.0012108837776153068,10
gfc,US,extended,Ridge,rate_10y,0.020543841262603654,0.0009828945806380194,13
gfc,US,extended,Ridge,rate_spread,0.02475890297673161,0.0011845589754760325,11
gfc,US,extended,Ridge,policy_rate,0.05784028684108268,0.00276729671690637,7
gfc,US,extended,Ridge,gold_chg,0.0030871554360306507,0.00014770111922472894,23
gfc,US,extended,Ridge,crb_chg,0.0011917969878270447,5.702004730187724e-05,27
gfc,US,extended,Ridge,wti_chg,0.0011237282001500875,5.3763380660859686e-05,28
gfc,US,extended,Ridge,natgas_chg,0.007200809110785702,0.00034451377231402666,20
gfc,US,extended,Ridge,corn_chg,0.004038715513098721,0.00019322732977836165,22
gfc,US,extended,Ridge,epu,0.012110324710700249,0.0005794034511735415,16
gfc,US,extended,Ridge,spillover_KOSPI,0.00655362077117332,0.0003135498496704524,21
gfc,US,extended,Ridge,spillover_Nikkei,0.009637351054404292,0.0004610870967117066,18
gfc,US,momentum,Ridge,RV_d,0.08546592461687763,0.004139803477094978,6
gfc,US,momentum,Ridge,RV_w,0.10439761346959973,0.005056817733842423,4
gfc,US,momentum,Ridge,RV_m,0.09041311873113166,0.004379435956212956,5
gfc,US,momentum,Ridge,log_return,0.12228989848719264,0.005923485286566449,3
gfc,US,momentum,Ridge,neg_return,20.64492314423862,1.0,1
gfc,US,momentum,Ridge,semivariance,0.0015529503726243788,7.522190137374092e-05,14
gfc,US,momentum,Ridge,parkinson_rv,0.021486776100398938,0.0010407777229432434,9
gfc,US,momentum,Ridge,hl_range,0.29266543253063787,0.01417614541288869,2
gfc,US,momentum,Ridge,weekday_sin,0.007937887020077137,0.0003844958377717363,12
gfc,US,momentum,Ridge,weekday_cos,0.029098703990030023,0.0014094847332067012,8
gfc,US,momentum,Ridge,momentum_1w,0.03785304931253713,0.0018335282261925387,7
gfc,US,momentum,Ridge,momentum_1m,0.014414231657200056,0.0006981973997429308,10
gfc,US,momentum,Ridge,momentum_3m,0.011528966477783748,0.000558440755493979,11
gfc,US,momentum,Ridge,momentum_6m,0.00593671632102719,0.0002875630138969032,13
normal,US,core,ElasticNet,RV_d,0.12481359050088711,0.41046620850402615,3
normal,US,core,ElasticNet,RV_w,0.1385728950433116,0.45571552425975764,2
normal,US,core,ElasticNet,RV_m,0.03148034546871012,0.10352733220062685,6
normal,US,core,ElasticNet,log_return,0.05961515561162379,0.19605242341864057,4
normal,US,core,ElasticNet,neg_return,0.0,0.0,9
normal,US,core,ElasticNet,semivariance,0.00800691466606645,0.02633181123631098,7
normal,US,core,ElasticNet,parkinson_rv,0.0409321651645658,0.1346109071418828,5
normal,US,core,ElasticNet,hl_range,0.30407762664746335,1.0,1
normal,US,core,ElasticNet,weekday_sin,0.0,0.0,10
normal,US,core,ElasticNet,weekday_cos,0.003247635657727482,0.010680284812577394,8
normal,US,extended,XGBoost,RV_d,0.04513666406273842,0.15397805977910836,4
normal,US,extended,XGBoost,RV_w,0.12590715289115906,0.42951643673854684,3
normal,US,extended,XGBoost,RV_m,0.015998773276805878,0.05457780540857631,8
normal,US,extended,XGBoost,log_return,0.008151676505804062,0.027808420457612792,17
normal,US,extended,XGBoost,neg_return,0.009299390949308872,0.03172370411583111,12
normal,US,extended,XGBoost,semivariance,0.00774133438244462,0.0264085898473421,19
normal,US,extended,XGBoost,parkinson_rv,0.29313698410987854,1.0,1
normal,US,extended,XGBoost,hl_range,0.2866516709327698,0.9778761687243196,2
normal,US,extended,XGBoost,weekday_sin,0.024925269186496735,0.08502942493654717,6
normal,US,extended,XGBoost,weekday_cos,0.005853340961039066,0.019967937443352485,24
normal,US,extended,XGBoost,momentum_1w,0.013935989700257778,0.04754087834592054,9
normal,US,extended,XGBoost,momentum_1m,0.03155772387981415,0.1076552110121497,5
normal,US,extended,XGBoost,momentum_3m,0.006993260234594345,0.023856628858448695,21
normal,US,extended,XGBoost,momentum_6m,0.018424944952130318,0.0628543853245893,7
normal,US,extended,XGBoost,fx_level,0.005885072518140078,0.02007618566456335,23
normal,US,extended,XGBoost,fx_change,0.007775652687996626,0.02652566243596893,18
normal,US,extended,XGBoost,rate_3y,0.00550809083506465,0.018790160005876345,26
normal,US,extended,XGBoost,rate_10y,0.010087843053042889,0.034413409429298054,11
normal,US,extended,XGBoost,rate_spread,0.005415098275989294,0.018472927571498505,27
normal,US,extended,XGBoost,policy_rate,0.007021953817456961,0.023954513412148888,20
normal,US,extended,XGBoost,gold_chg,0.008529077284038067,0.02909587580679023,15
normal,US,extended,XGBoost,crb_chg,0.006470635533332825,0.022073760337615374,22
normal,US,extended,XGBoost,wti_chg,0.005598030053079128,0.019096976350758868,25
normal,US,extended,XGBoost,natgas_chg,0.008921761997044086,0.030435470379608878,13
normal,US,extended,XGBoost,corn_chg,0.00831584818661213,0.028368471524886273,16
normal,US,extended,XGBoost,epu,0.013304775580763817,0.04538757066483531,10
normal,US,extended,XGBoost,spillover_KOSPI,0.004772784188389778,0.01628175374350158,28
normal,US,extended,XGBoost,spillover_Nikkei,0.00867926049977541,0.02960820698258294,14
normal,US,momentum,ElasticNet,RV_d,0.08831954999292538,0.30911271859341005,3
normal,US,momentum,ElasticNet,RV_w,0.14391812998532014,0.503704156307472,2
normal,US,momentum,ElasticNet,RV_m,0.06187779364496819,0.21656827979411455,4
normal,US,momentum,ElasticNet,log_return,0.03596893291963072,0.12588894124326575,7
normal,US,momentum,ElasticNet,neg_return,0.0,0.0,13
normal,US,momentum,ElasticNet,semivariance,0.007419100476152735,0.025966372313773533,9
normal,US,momentum,ElasticNet,parkinson_rv,0.03905129189967353,0.13667699852025783,6
normal,US,momentum,ElasticNet,hl_range,0.28571956014885325,1.0,1
normal,US,momentum,ElasticNet,weekday_sin,0.0,0.0,14
normal,US,momentum,ElasticNet,weekday_cos,0.004224399663028005,0.014785125879471435,11
normal,US,momentum,ElasticNet,momentum_1w,0.04741270468722262,0.16594140304052582,5
normal,US,momentum,ElasticNet,momentum_1m,0.009653287456343588,0.033785882392211614,8
normal,US,momentum,ElasticNet,momentum_3m,0.0037771245835347906,0.013219691999970168,12
normal,US,momentum,ElasticNet,momentum_6m,0.006881885057121779,0.024086153056992236,10
