date,feature_set,L,protocol,RV_target,RV_pred
2020-01-06,core,60,static,0.44382903,0.5538708
2020-01-07,core,60,static,0.44791958,0.5461906
2020-01-08,core,60,static,1.0271528,0.79057956
2020-01-09,core,60,static,0.40029523,0.62540936
2020-01-10,core,60,static,0.50816536,0.49979544
2020-01-14,core,60,static,0.4712035,0.36102986
2020-01-15,core,60,static,0.34357914,0.41835314
2020-01-16,core,60,static,0.33070755,0.3489796
2020-01-17,core,60,static,0.2753261,0.33580887
2020-01-20,core,60,static,0.24701275,0.24463528
2020-01-21,core,60,static,0.6026988,0.4995445
2020-01-22,core,60,static,0.33330953,0.46765584
2020-01-23,core,60,static,0.5190674,0.42537683
2020-01-24,core,60,static,0.35779923,0.36905277
2020-01-27,core,60,static,0.5440839,0.5012383
2020-01-28,core,60,static,0.60429853,0.47131836
2020-01-29,core,60,static,0.41658565,0.44857103
2020-01-30,core,60,static,0.64967036,0.9491974
2020-01-31,core,60,static,0.7667314,0.75352734
2020-02-03,core,60,static,0.7104763,0.68809706
2020-02-04,core,60,static,0.5517053,0.6420054
2020-02-05,core,60,static,0.5521484,0.50404
2020-02-06,core,60,static,0.61236733,0.7994042
2020-02-07,core,60,static,0.5950724,0.5921389
2020-02-10,core,60,static,0.5692523,0.5289615
2020-02-12,core,60,static,0.5979088,0.47969103
2020-02-13,core,60,static,0.50525135,0.44492662
2020-02-14,core,60,static,0.43281853,0.475631
2020-02-17,core,60,static,0.68583125,0.56889653
2020-02-18,core,60,static,0.5501335,0.67890716
2020-02-19,core,60,static,0.45302433,0.59118396
2020-02-20,core,60,static,0.90920395,0.8375489
2020-02-21,core,60,static,0.69606656,0.6563134
2020-02-25,core,60,static,1.9779071,1.2435536
2020-02-26,core,60,static,1.144741,1.0628401
2020-02-27,core,60,static,0.9997437,1.2201341
2020-02-28,core,60,static,1.8126712,1.7076461
2020-03-02,core,60,static,1.69042,1.8279926
2020-03-03,core,60,static,1.2993041,1.7734467
2020-03-04,core,60,static,1.2761705,1.3310797
2020-03-05,core,60,static,0.89602184,0.8517819
2020-03-06,core,60,static,0.92434686,1.2454509
2020-03-09,core,60,static,2.1368737,2.4081192
2020-03-10,core,60,static,2.9922836,2.7921355
2020-03-11,core,60,static,1.9073552,2.1215034
2020-03-12,core,60,static,2.3385322,2.6362343
2020-03-13,core,60,static,6.2040453,4.4998536
2020-03-16,core,60,static,3.7857985,3.2359068
2020-03-17,core,60,static,4.355637,3.3851662
2020-03-18,core,60,static,2.641052,2.937425
2020-03-19,core,60,static,2.735579,2.7936115
2020-03-23,core,60,static,2.3729339,2.3839993
2020-03-24,core,60,static,3.0436535,2.5582418
2020-03-25,core,60,static,3.0308642,3.2223396
2020-03-26,core,60,static,2.714887,2.8310244
2020-03-27,core,60,static,2.8818197,2.2722864
2020-03-30,core,60,static,1.6537532,1.9110092
2020-03-31,core,60,static,1.782464,1.7840832
2020-04-01,core,60,static,1.9083135,2.8912435
2020-04-02,core,60,static,2.137784,2.0290594
2020-04-03,core,60,static,1.4161434,1.6391424
2020-04-06,core,60,static,2.1911533,2.2263973
2020-04-07,core,60,static,2.2000232,2.0767536
2020-04-08,core,60,static,2.1747363,2.1315675
2020-04-09,core,60,static,1.1293111,1.596696
2020-04-10,core,60,static,0.944081,1.2753601
2020-04-13,core,60,static,0.9757498,1.2342825
2020-04-14,core,60,static,1.2967237,1.5289547
2020-04-15,core,60,static,1.2495824,1.1032126
2020-04-16,core,60,static,0.83327824,1.0044577
2020-04-17,core,60,static,1.1986153,1.1180559
2020-04-20,core,60,static,0.8171136,0.89791757
2020-04-21,core,60,static,1.1040707,1.0216334
2020-04-22,core,60,static,1.151931,1.035321
2020-04-23,core,60,static,0.8686289,0.82606477
2020-04-24,core,60,static,0.66154623,0.8238628
2020-04-27,core,60,static,0.8998703,0.99925435
2020-04-28,core,60,static,0.77641505,0.8174145
2020-04-30,core,60,static,1.134217,0.82495195
2020-05-01,core,60,static,0.88407654,1.1374531
2020-05-07,core,60,static,0.7189698,0.9561018
2020-05-08,core,60,static,0.964118,0.9408366
2020-05-11,core,60,static,0.70183384,0.8331289
2020-05-12,core,60,static,0.7655016,0.68510747
2020-05-13,core,60,static,0.7385725,0.7914207
2020-05-14,core,60,static,0.7860958,0.8466889
2020-05-15,core,60,static,1.06585,0.97372997
2020-05-18,core,60,static,0.7189533,0.72683704
2020-05-19,core,60,static,0.98682386,0.6939482
2020-05-20,core,60,static,0.54295725,0.7135536
2020-05-21,core,60,static,0.63715106,0.7269963
2020-05-22,core,60,static,0.88088787,0.82092655
2020-05-25,core,60,static,0.4803144,0.5761679
2020-05-26,core,60,static,0.6801239,0.858584
2020-05-27,core,60,static,1.0993152,0.84752405
2020-05-28,core,60,static,1.2409343,0.9374887
2020-05-29,core,60,static,0.74741215,0.8265946
2020-06-01,core,60,static,0.77988225,0.74657756
2020-06-02,core,60,static,0.74083364,0.74823266
2020-06-03,core,60,static,1.1755095,0.83172756
2020-06-04,core,60,static,1.0190725,1.0068702
2020-06-05,core,60,static,0.752185,0.9000592
2020-06-08,core,60,static,0.70580775,0.5934235
2020-06-09,core,60,static,0.80062586,0.6932286
2020-06-10,core,60,static,0.6440068,0.72652763
2020-06-11,core,60,static,1.0577861,1.0434662
2020-06-12,core,60,static,1.8735307,1.312673
2020-06-15,core,60,static,1.2531884,1.794328
2020-06-16,core,60,static,1.762281,1.5685568
2020-06-17,core,60,static,1.1323292,1.0208282
2020-06-18,core,60,static,1.0392388,0.9780816
2020-06-19,core,60,static,0.71131295,0.74863374
2020-06-22,core,60,static,0.74017274,0.7933562
2020-06-23,core,60,static,1.3281714,0.9567785
2020-06-24,core,60,static,0.65085447,0.7351822
2020-06-25,core,60,static,0.83712643,0.77816164
2020-06-26,core,60,static,0.5222545,0.6472581
2020-06-29,core,60,static,1.0429374,0.82546616
2020-06-30,core,60,static,0.8023248,0.6614856
2020-07-01,core,60,static,0.67539215,0.83826095
2020-07-02,core,60,static,0.8643747,0.66955185
2020-07-03,core,60,static,0.54380655,0.6080485
2020-07-06,core,60,static,0.7227224,0.86504954
2020-07-07,core,60,static,0.67945415,0.6622376
2020-07-08,core,60,static,0.6387453,0.676705
2020-07-09,core,60,static,0.74466544,0.68147016
2020-07-10,core,60,static,0.67423487,0.7950167
2020-07-13,core,60,static,0.49379948,0.62603414
2020-07-14,core,60,static,0.4431724,0.5512183
2020-07-15,core,60,static,0.5759464,0.46791315
2020-07-16,core,60,static,0.500501,0.5548793
2020-07-17,core,60,static,0.6041281,0.6149103
2020-07-20,core,60,static,0.5433164,0.5682314
2020-07-21,core,60,static,0.49572718,0.45859486
2020-07-22,core,60,static,0.40090045,0.44179708
2020-07-27,core,60,static,0.5301595,0.6290091
2020-07-28,core,60,static,0.40241814,0.53777134
2020-07-29,core,60,static,0.55556196,0.57067513
2020-07-30,core,60,static,0.4355534,0.51997364
2020-07-31,core,60,static,0.8278358,1.286493
2020-08-03,core,60,static,0.80055183,0.78279674
2020-08-04,core,60,static,0.53100026,0.61403745
2020-08-05,core,60,static,0.68530995,0.58980364
2020-08-06,core,60,static,0.6624951,0.6459816
2020-08-07,core,60,static,0.58247375,0.685983
2020-08-12,core,60,static,0.8010266,0.5375592
2020-08-13,core,60,static,0.49218693,0.5921747
2020-08-14,core,60,static,0.37656367,0.48328042
2020-08-17,core,60,static,0.4656221,0.54946524
2020-08-18,core,60,static,0.49847624,0.5250958
2020-08-19,core,60,static,0.47951716,0.5134659
2020-08-20,core,60,static,0.53500396,0.6018598
2020-08-21,core,60,static,0.6636273,0.5835636
2020-08-24,core,60,static,0.47272506,0.4522544
2020-08-25,core,60,static,0.44046512,0.48500663
2020-08-26,core,60,static,0.52701247,0.44044757
2020-08-27,core,60,static,0.40600523,0.45327234
2020-08-28,core,60,static,2.4122212,1.6512349
2020-08-31,core,60,static,0.6035773,0.74394834
2020-09-01,core,60,static,0.62298334,0.57231337
2020-09-02,core,60,static,0.3644146,0.4864753
2020-09-03,core,60,static,0.49498492,0.5003779
2020-09-04,core,60,static,0.56105685,0.5856545
2020-09-07,core,60,static,0.5212692,0.48686028
2020-09-08,core,60,static,0.34489587,0.43732786
2020-09-09,core,60,static,0.6004266,0.5065434
2020-09-10,core,60,static,0.43909872,0.40088168
2020-09-11,core,60,static,0.5818547,0.67590326
2020-09-14,core,60,static,0.42525008,0.4527902
2020-09-15,core,60,static,0.4435375,0.43691015
2020-09-16,core,60,static,0.26747185,0.3789462
2020-09-17,core,60,static,0.5299645,0.46486336
2020-09-18,core,60,static,0.43230522,0.37494573
2020-09-23,core,60,static,0.52252567,0.48370486
2020-09-24,core,60,static,0.5338824,0.5375917
2020-09-25,core,60,static,0.40236673,0.41705412
2020-09-29,core,60,static,0.50254524,0.5504127
2020-09-30,core,60,static,0.85774463,0.77351713
2020-10-02,core,60,static,0.8668903,0.9604104
2020-10-05,core,60,static,0.36842787,0.4818411
2020-10-06,core,60,static,0.3341324,0.40225482
2020-10-07,core,60,static,0.36705625,0.44669002
2020-10-08,core,60,static,0.44761702,0.5359174
2020-10-09,core,60,static,0.4702661,0.48241544
2020-10-12,core,60,static,0.32050085,0.36360344
2020-10-13,core,60,static,0.46101075,0.42074054
2020-10-14,core,60,static,0.37613618,0.38120687
2020-10-15,core,60,static,0.3666019,0.385248
2020-10-16,core,60,static,0.67650247,0.42826283
2020-10-19,core,60,static,0.530364,0.37614077
2020-10-20,core,60,static,0.36092952,0.43834686
2020-10-21,core,60,static,0.31772637,0.3413527
2020-10-22,core,60,static,0.41378877,0.38779724
2020-10-23,core,60,static,0.4413301,0.36689037
2020-10-26,core,60,static,0.35029134,0.31972462
2020-10-27,core,60,static,0.54490006,0.47784632
2020-10-28,core,60,static,0.34893918,0.38533103
2020-10-29,core,60,static,0.44637895,0.49514484
2020-10-30,core,60,static,0.8450571,0.8158944
2020-11-02,core,60,static,0.67073953,0.6134878
2020-11-04,core,60,static,1.0916898,0.6440937
2020-11-05,core,60,static,0.7681009,0.8124654
2020-11-06,core,60,static,0.713394,0.862801
2020-11-09,core,60,static,0.65497303,0.8608549
2020-11-10,core,60,static,1.2082137,0.89615405
2020-11-11,core,60,static,0.65709543,0.6788571
2020-11-12,core,60,static,0.75230545,0.7052214
2020-11-13,core,60,static,0.53164816,0.688785
2020-11-16,core,60,static,0.5324394,0.6420188
2020-11-17,core,60,static,0.5806778,0.5580065
2020-11-18,core,60,static,0.63601655,0.59082484
2020-11-19,core,60,static,0.5884881,0.54030234
2020-11-20,core,60,static,0.42625457,0.4859358
2020-11-24,core,60,static,0.6963919,0.6303771
2020-11-25,core,60,static,0.85738194,0.83201957
2020-11-26,core,60,static,0.6061936,0.7537383
2020-11-27,core,60,static,0.73962116,0.67395955
2020-11-30,core,60,static,0.7755891,0.81970143
2020-12-01,core,60,static,0.5314843,0.6039212
2020-12-02,core,60,static,0.7369636,0.5422034
2020-12-03,core,60,static,0.59806216,0.4770034
2020-12-04,core,60,static,0.43467817,0.49221092
2020-12-08,core,60,static,0.60096705,0.53726226
2020-12-09,core,60,static,0.7387608,0.6081931
2020-12-10,core,60,static,0.45799226,0.5763841
2020-12-11,core,60,static,0.6460483,0.638908
2020-12-14,core,60,static,0.5357216,0.54019374
2020-12-15,core,60,static,0.4259057,0.43835753
2020-12-16,core,60,static,0.26991796,0.41541904
2020-12-17,core,60,static,0.41333416,0.413337
2020-12-18,core,60,static,0.305367,0.36245644
2020-12-22,core,60,static,0.6504418,0.55484384
2020-12-23,core,60,static,0.5171387,0.43187773
2020-12-24,core,60,static,0.48816684,0.41564852
2020-12-25,core,60,static,0.21323907,0.33737642
2020-12-28,core,60,static,0.47390002,0.39497158
2020-12-29,core,60,static,0.7114824,0.96864325
2020-12-30,core,60,static,0.63203526,0.59993416
2020-01-06,momentum,60,static,0.44382903,0.5102604
2020-01-07,momentum,60,static,0.44791958,0.5461535
2020-01-08,momentum,60,static,1.0271528,0.81661475
2020-01-09,momentum,60,static,0.40029523,0.62719274
2020-01-10,momentum,60,static,0.50816536,0.48820263
2020-01-14,momentum,60,static,0.4712035,0.38459474
2020-01-15,momentum,60,static,0.34357914,0.43076068
2020-01-16,momentum,60,static,0.33070755,0.36522686
2020-01-17,momentum,60,static,0.2753261,0.34744868
2020-01-20,momentum,60,static,0.24701275,0.25613815
2020-01-21,momentum,60,static,0.6026988,0.44408357
2020-01-22,momentum,60,static,0.33330953,0.44632995
2020-01-23,momentum,60,static,0.5190674,0.4484316
2020-01-24,momentum,60,static,0.35779923,0.39454645
2020-01-27,momentum,60,static,0.5440839,0.49583852
2020-01-28,momentum,60,static,0.60429853,0.47747362
2020-01-29,momentum,60,static,0.41658565,0.47364706
2020-01-30,momentum,60,static,0.64967036,0.97815603
2020-01-31,momentum,60,static,0.7667314,0.7272175
2020-02-03,momentum,60,static,0.7104763,0.67630976
2020-02-04,momentum,60,static,0.5517053,0.62929523
2020-02-05,momentum,60,static,0.5521484,0.5067047
2020-02-06,momentum,60,static,0.61236733,0.7186821
2020-02-07,momentum,60,static,0.5950724,0.5621845
2020-02-10,momentum,60,static,0.5692523,0.53092766
2020-02-12,momentum,60,static,0.5979088,0.47858065
2020-02-13,momentum,60,static,0.50525135,0.43187726
2020-02-14,momentum,60,static,0.43281853,0.4523058
2020-02-17,momentum,60,static,0.68583125,0.5409804
2020-02-18,momentum,60,static,0.5501335,0.6459117
2020-02-19,momentum,60,static,0.45302433,0.59178454
2020-02-20,momentum,60,static,0.90920395,0.812749
2020-02-21,momentum,60,static,0.69606656,0.6286277
2020-02-25,momentum,60,static,1.9779071,1.2400357
2020-02-26,momentum,60,static,1.144741,1.07085
2020-02-27,momentum,60,static,0.9997437,1.2109345
2020-02-28,momentum,60,static,1.8126712,1.753521
2020-03-02,momentum,60,static,1.69042,1.9053943
2020-03-03,momentum,60,static,1.2993041,1.6822966
2020-03-04,momentum,60,static,1.2761705,1.3173242
2020-03-05,momentum,60,static,0.89602184,0.93473226
2020-03-06,momentum,60,static,0.92434686,1.3217438
2020-03-09,momentum,60,static,2.1368737,2.5606787
2020-03-10,momentum,60,static,2.9922836,2.8372915
2020-03-11,momentum,60,static,1.9073552,2.0148284
2020-03-12,momentum,60,static,2.3385322,2.8604174
2020-03-13,momentum,60,static,6.2040453,4.269813
2020-03-16,momentum,60,static,3.7857985,3.1511757
2020-03-17,momentum,60,static,4.355637,3.2338755
2020-03-18,momentum,60,static,2.641052,2.6363897
2020-03-19,momentum,60,static,2.735579,2.5776796
2020-03-23,momentum,60,static,2.3729339,2.09226
2020-03-24,momentum,60,static,3.0436535,2.338582
2020-03-25,momentum,60,static,3.0308642,2.8561912
2020-03-26,momentum,60,static,2.714887,2.615075
2020-03-27,momentum,60,static,2.8818197,2.1910968
2020-03-30,momentum,60,static,1.6537532,1.8387775
2020-03-31,momentum,60,static,1.782464,1.8281758
2020-04-01,momentum,60,static,1.9083135,2.9641209
2020-04-02,momentum,60,static,2.137784,2.255753
2020-04-03,momentum,60,static,1.4161434,1.7103082
2020-04-06,momentum,60,static,2.1911533,2.1040747
2020-04-07,momentum,60,static,2.2000232,1.9461714
2020-04-08,momentum,60,static,2.1747363,2.0560684
2020-04-09,momentum,60,static,1.1293111,1.3585346
2020-04-10,momentum,60,static,0.944081,1.1350261
2020-04-13,momentum,60,static,0.9757498,1.1320287
2020-04-14,momentum,60,static,1.2967237,1.4768041
2020-04-15,momentum,60,static,1.2495824,1.0702738
2020-04-16,momentum,60,static,0.83327824,0.9581206
2020-04-17,momentum,60,static,1.1986153,1.0995923
2020-04-20,momentum,60,static,0.8171136,0.8907112
2020-04-21,momentum,60,static,1.1040707,1.0207916
2020-04-22,momentum,60,static,1.151931,1.0263405
2020-04-23,momentum,60,static,0.8686289,0.9075797
2020-04-24,momentum,60,static,0.66154623,0.91113985
2020-04-27,momentum,60,static,0.8998703,1.0979513
2020-04-28,momentum,60,static,0.77641505,0.8631629
2020-04-30,momentum,60,static,1.134217,0.8428727
2020-05-01,momentum,60,static,0.88407654,1.0996288
2020-05-07,momentum,60,static,0.7189698,1.0383066
2020-05-08,momentum,60,static,0.964118,0.9011581
2020-05-11,momentum,60,static,0.70183384,0.8201079
2020-05-12,momentum,60,static,0.7655016,0.7027207
2020-05-13,momentum,60,static,0.7385725,0.7971804
2020-05-14,momentum,60,static,0.7860958,0.85503423
2020-05-15,momentum,60,static,1.06585,1.0080563
2020-05-18,momentum,60,static,0.7189533,0.771455
2020-05-19,momentum,60,static,0.98682386,0.7067925
2020-05-20,momentum,60,static,0.54295725,0.72171426
2020-05-21,momentum,60,static,0.63715106,0.72325444
2020-05-22,momentum,60,static,0.88088787,0.8096652
2020-05-25,momentum,60,static,0.4803144,0.6263918
2020-05-26,momentum,60,static,0.6801239,0.9059995
2020-05-27,momentum,60,static,1.0993152,0.88695115
2020-05-28,momentum,60,static,1.2409343,0.8986668
2020-05-29,momentum,60,static,0.74741215,0.80009747
2020-06-01,momentum,60,static,0.77988225,0.77949315
2020-06-02,momentum,60,static,0.74083364,0.79466236
2020-06-03,momentum,60,static,1.1755095,0.88382787
2020-06-04,momentum,60,static,1.0190725,0.9835528
2020-06-05,momentum,60,static,0.752185,0.8808437
2020-06-08,momentum,60,static,0.70580775,0.67625153
2020-06-09,momentum,60,static,0.80062586,0.730473
2020-06-10,momentum,60,static,0.6440068,0.7446197
2020-06-11,momentum,60,static,1.0577861,1.0021275
2020-06-12,momentum,60,static,1.8735307,1.3091656
2020-06-15,momentum,60,static,1.2531884,1.738389
2020-06-16,momentum,60,static,1.762281,1.6045686
2020-06-17,momentum,60,static,1.1323292,1.0176511
2020-06-18,momentum,60,static,1.0392388,0.94941443
2020-06-19,momentum,60,static,0.71131295,0.80543375
2020-06-22,momentum,60,static,0.74017274,0.83006746
2020-06-23,momentum,60,static,1.3281714,1.0243613
2020-06-24,momentum,60,static,0.65085447,0.7617445
2020-06-25,momentum,60,static,0.83712643,0.7924331
2020-06-26,momentum,60,static,0.5222545,0.68642044
2020-06-29,momentum,60,static,1.0429374,0.88184613
2020-06-30,momentum,60,static,0.8023248,0.65933406
2020-07-01,momentum,60,static,0.67539215,0.83787304
2020-07-02,momentum,60,static,0.8643747,0.68827516
2020-07-03,momentum,60,static,0.54380655,0.6195757
2020-07-06,momentum,60,static,0.7227224,0.89150107
2020-07-07,momentum,60,static,0.67945415,0.6721752
2020-07-08,momentum,60,static,0.6387453,0.68907994
2020-07-09,momentum,60,static,0.74466544,0.68664736
2020-07-10,momentum,60,static,0.67423487,0.7943836
2020-07-13,momentum,60,static,0.49379948,0.6088013
2020-07-14,momentum,60,static,0.4431724,0.57642937
2020-07-15,momentum,60,static,0.5759464,0.5029644
2020-07-16,momentum,60,static,0.500501,0.5774096
2020-07-17,momentum,60,static,0.6041281,0.6328001
2020-07-20,momentum,60,static,0.5433164,0.57800347
2020-07-21,momentum,60,static,0.49572718,0.46000153
2020-07-22,momentum,60,static,0.40090045,0.45391923
2020-07-27,momentum,60,static,0.5301595,0.67130977
2020-07-28,momentum,60,static,0.40241814,0.5422519
2020-07-29,momentum,60,static,0.55556196,0.59851074
2020-07-30,momentum,60,static,0.4355534,0.5434965
2020-07-31,momentum,60,static,0.8278358,1.3874139
2020-08-03,momentum,60,static,0.80055183,0.793743
2020-08-04,momentum,60,static,0.53100026,0.5925058
2020-08-05,momentum,60,static,0.68530995,0.5758526
2020-08-06,momentum,60,static,0.6624951,0.6251758
2020-08-07,momentum,60,static,0.58247375,0.66422504
2020-08-12,momentum,60,static,0.8010266,0.5484812
2020-08-13,momentum,60,static,0.49218693,0.57042724
2020-08-14,momentum,60,static,0.37656367,0.48674423
2020-08-17,momentum,60,static,0.4656221,0.5243487
2020-08-18,momentum,60,static,0.49847624,0.50030625
2020-08-19,momentum,60,static,0.47951716,0.51380414
2020-08-20,momentum,60,static,0.53500396,0.5928601
2020-08-21,momentum,60,static,0.6636273,0.57633674
2020-08-24,momentum,60,static,0.47272506,0.45518976
2020-08-25,momentum,60,static,0.44046512,0.46300954
2020-08-26,momentum,60,static,0.52701247,0.4297349
2020-08-27,momentum,60,static,0.40600523,0.4437881
2020-08-28,momentum,60,static,2.4122212,1.7317177
2020-08-31,momentum,60,static,0.6035773,0.7811483
2020-09-01,momentum,60,static,0.62298334,0.58394533
2020-09-02,momentum,60,static,0.3644146,0.47141266
2020-09-03,momentum,60,static,0.49498492,0.46989846
2020-09-04,momentum,60,static,0.56105685,0.55811834
2020-09-07,momentum,60,static,0.5212692,0.49312603
2020-09-08,momentum,60,static,0.34489587,0.44036984
2020-09-09,momentum,60,static,0.6004266,0.5070949
2020-09-10,momentum,60,static,0.43909872,0.4170544
2020-09-11,momentum,60,static,0.5818547,0.625689
2020-09-14,momentum,60,static,0.42525008,0.44115
2020-09-15,momentum,60,static,0.4435375,0.38952523
2020-09-16,momentum,60,static,0.26747185,0.35318434
2020-09-17,momentum,60,static,0.5299645,0.46728474
2020-09-18,momentum,60,static,0.43230522,0.40215015
2020-09-23,momentum,60,static,0.52252567,0.45841044
2020-09-24,momentum,60,static,0.5338824,0.5593629
2020-09-25,momentum,60,static,0.40236673,0.44328976
2020-09-29,momentum,60,static,0.50254524,0.50849473
2020-09-30,momentum,60,static,0.85774463,0.7943157
2020-10-02,momentum,60,static,0.8668903,0.9422289
2020-10-05,momentum,60,static,0.36842787,0.5244125
2020-10-06,momentum,60,static,0.3341324,0.41770643
2020-10-07,momentum,60,static,0.36705625,0.42674142
2020-10-08,momentum,60,static,0.44761702,0.5054932
2020-10-09,momentum,60,static,0.4702661,0.47291738
2020-10-12,momentum,60,static,0.32050085,0.36174685
2020-10-13,momentum,60,static,0.46101075,0.3783548
2020-10-14,momentum,60,static,0.37613618,0.36158907
2020-10-15,momentum,60,static,0.3666019,0.38639742
2020-10-16,momentum,60,static,0.67650247,0.41825825
2020-10-19,momentum,60,static,0.530364,0.37588555
2020-10-20,momentum,60,static,0.36092952,0.40077096
2020-10-21,momentum,60,static,0.31772637,0.32465437
2020-10-22,momentum,60,static,0.41378877,0.3895278
2020-10-23,momentum,60,static,0.4413301,0.3764156
2020-10-26,momentum,60,static,0.35029134,0.31223568
2020-10-27,momentum,60,static,0.54490006,0.4462477
2020-10-28,momentum,60,static,0.34893918,0.36138582
2020-10-29,momentum,60,static,0.44637895,0.4772005
2020-10-30,momentum,60,static,0.8450571,0.83421314
2020-11-02,momentum,60,static,0.67073953,0.6011559
2020-11-04,momentum,60,static,1.0916898,0.61195064
2020-11-05,momentum,60,static,0.7681009,0.7583902
2020-11-06,momentum,60,static,0.713394,0.8082762
2020-11-09,momentum,60,static,0.65497303,0.8568447
2020-11-10,momentum,60,static,1.2082137,0.90304863
2020-11-11,momentum,60,static,0.65709543,0.71368164
2020-11-12,momentum,60,static,0.75230545,0.70144576
2020-11-13,momentum,60,static,0.53164816,0.6905023
2020-11-16,momentum,60,static,0.5324394,0.66075337
2020-11-17,momentum,60,static,0.5806778,0.57613254
2020-11-18,momentum,60,static,0.63601655,0.5986313
2020-11-19,momentum,60,static,0.5884881,0.5425344
2020-11-20,momentum,60,static,0.42625457,0.49625462
2020-11-24,momentum,60,static,0.6963919,0.62813544
2020-11-25,momentum,60,static,0.85738194,0.8370831
2020-11-26,momentum,60,static,0.6061936,0.7334338
2020-11-27,momentum,60,static,0.73962116,0.6800946
2020-11-30,momentum,60,static,0.7755891,0.8479459
2020-12-01,momentum,60,static,0.5314843,0.6340489
2020-12-02,momentum,60,static,0.7369636,0.57142043
2020-12-03,momentum,60,static,0.59806216,0.5221547
2020-12-04,momentum,60,static,0.43467817,0.5203773
2020-12-08,momentum,60,static,0.60096705,0.5352373
2020-12-09,momentum,60,static,0.7387608,0.61129266
2020-12-10,momentum,60,static,0.45799226,0.58061147
2020-12-11,momentum,60,static,0.6460483,0.632075
2020-12-14,momentum,60,static,0.5357216,0.53398174
2020-12-15,momentum,60,static,0.4259057,0.42849886
2020-12-16,momentum,60,static,0.26991796,0.41904736
2020-12-17,momentum,60,static,0.41333416,0.441365
2020-12-18,momentum,60,static,0.305367,0.3989135
2020-12-22,momentum,60,static,0.6504418,0.5457708
2020-12-23,momentum,60,static,0.5171387,0.43742055
2020-12-24,momentum,60,static,0.48816684,0.4435414
2020-12-25,momentum,60,static,0.21323907,0.37639588
2020-12-28,momentum,60,static,0.47390002,0.39365667
2020-12-29,momentum,60,static,0.7114824,1.0391629
2020-12-30,momentum,60,static,0.63203526,0.6209233
2020-01-06,extended,252,static,0.44382903,0.58869123
2020-01-07,extended,252,static,0.44791958,0.5453545
2020-01-08,extended,252,static,1.0271528,0.73267686
2020-01-09,extended,252,static,0.40029523,0.6679799
2020-01-10,extended,252,static,0.50816536,0.4570111
2020-01-14,extended,252,static,0.4712035,0.4024447
2020-01-15,extended,252,static,0.34357914,0.40096375
2020-01-16,extended,252,static,0.33070755,0.35659617
2020-01-17,extended,252,static,0.2753261,0.31273428
2020-01-20,extended,252,static,0.24701275,0.253049
2020-01-21,extended,252,static,0.6026988,0.4355118
2020-01-22,extended,252,static,0.33330953,0.45323765
2020-01-23,extended,252,static,0.5190674,0.4487064
2020-01-24,extended,252,static,0.35779923,0.40129045
2020-01-27,extended,252,static,0.5440839,0.52711976
2020-01-28,extended,252,static,0.60429853,0.52654284
2020-01-29,extended,252,static,0.41658565,0.4391441
2020-01-30,extended,252,static,0.64967036,0.82511175
2020-01-31,extended,252,static,0.7667314,0.70974565
2020-02-03,extended,252,static,0.7104763,0.6802548
2020-02-04,extended,252,static,0.5517053,0.6136117
2020-02-05,extended,252,static,0.5521484,0.4683668
2020-02-06,extended,252,static,0.61236733,0.66763
2020-02-07,extended,252,static,0.5950724,0.5249971
2020-02-10,extended,252,static,0.5692523,0.48929414
2020-02-12,extended,252,static,0.5979088,0.47505143
2020-02-13,extended,252,static,0.50525135,0.41651505
2020-02-14,extended,252,static,0.43281853,0.46717048
2020-02-17,extended,252,static,0.68583125,0.52862537
2020-02-18,extended,252,static,0.5501335,0.6683576
2020-02-19,extended,252,static,0.45302433,0.5977748
2020-02-20,extended,252,static,0.90920395,0.7349222
2020-02-21,extended,252,static,0.69606656,0.6458319
2020-02-25,extended,252,static,1.9779071,1.2631159
2020-02-26,extended,252,static,1.144741,1.1294056
2020-02-27,extended,252,static,0.9997437,1.1391163
2020-02-28,extended,252,static,1.8126712,1.6916052
2020-03-02,extended,252,static,1.69042,1.9393905
2020-03-03,extended,252,static,1.2993041,1.6237867
2020-03-04,extended,252,static,1.2761705,1.240162
2020-03-05,extended,252,static,0.89602184,0.85443914
2020-03-06,extended,252,static,0.92434686,1.2556795
2020-03-09,extended,252,static,2.1368737,2.0936284
2020-03-10,extended,252,static,2.9922836,3.0045748
2020-03-11,extended,252,static,1.9073552,1.9248738
2020-03-12,extended,252,static,2.3385322,2.671185
2020-03-13,extended,252,static,6.2040453,3.4740572
2020-03-16,extended,252,static,3.7857985,2.8378813
2020-03-17,extended,252,static,4.355637,3.365118
2020-03-18,extended,252,static,2.641052,2.6502569
2020-03-19,extended,252,static,2.735579,3.081388
2020-03-23,extended,252,static,2.3729339,2.47277
2020-03-24,extended,252,static,3.0436535,2.88483
2020-03-25,extended,252,static,3.0308642,3.1772692
2020-03-26,extended,252,static,2.714887,2.6261222
2020-03-27,extended,252,static,2.8818197,1.9796113
2020-03-30,extended,252,static,1.6537532,1.8994075
2020-03-31,extended,252,static,1.782464,1.7934759
2020-04-01,extended,252,static,1.9083135,2.8489764
2020-04-02,extended,252,static,2.137784,2.0894043
2020-04-03,extended,252,static,1.4161434,1.8302646
2020-04-06,extended,252,static,2.1911533,2.4060023
2020-04-07,extended,252,static,2.2000232,1.8893126
2020-04-08,extended,252,static,2.1747363,2.1590033
2020-04-09,extended,252,static,1.1293111,1.3335867
2020-04-10,extended,252,static,0.944081,1.1796496
2020-04-13,extended,252,static,0.9757498,1.2368261
2020-04-14,extended,252,static,1.2967237,1.6859277
2020-04-15,extended,252,static,1.2495824,1.0620944
2020-04-16,extended,252,static,0.83327824,1.0344974
2020-04-17,extended,252,static,1.1986153,1.1507672
2020-04-20,extended,252,static,0.8171136,0.83624864
2020-04-21,extended,252,static,1.1040707,1.1652353
2020-04-22,extended,252,static,1.151931,1.3468902
2020-04-23,extended,252,static,0.8686289,0.7463748
2020-04-24,extended,252,static,0.66154623,0.7453886
2020-04-27,extended,252,static,0.8998703,0.988992
2020-04-28,extended,252,static,0.77641505,0.7119546
2020-04-30,extended,252,static,1.134217,1.0375074
2020-05-01,extended,252,static,0.88407654,1.229757
2020-05-07,extended,252,static,0.7189698,1.1671599
2020-05-08,extended,252,static,0.964118,0.8969927
2020-05-11,extended,252,static,0.70183384,0.7681543
2020-05-12,extended,252,static,0.7655016,0.71744126
2020-05-13,extended,252,static,0.7385725,0.8112295
2020-05-14,extended,252,static,0.7860958,1.0028673
2020-05-15,extended,252,static,1.06585,1.0512305
2020-05-18,extended,252,static,0.7189533,0.8536441
2020-05-19,extended,252,static,0.98682386,0.69044363
2020-05-20,extended,252,static,0.54295725,0.7991163
2020-05-21,extended,252,static,0.63715106,0.68198574
2020-05-22,extended,252,static,0.88088787,0.8276961
2020-05-25,extended,252,static,0.4803144,0.6515928
2020-05-26,extended,252,static,0.6801239,0.95644623
2020-05-27,extended,252,static,1.0993152,0.8482861
2020-05-28,extended,252,static,1.2409343,0.92983997
2020-05-29,extended,252,static,0.74741215,0.864521
2020-06-01,extended,252,static,0.77988225,0.7762468
2020-06-02,extended,252,static,0.74083364,0.80484074
2020-06-03,extended,252,static,1.1755095,0.88672084
2020-06-04,extended,252,static,1.0190725,1.0194701
2020-06-05,extended,252,static,0.752185,0.9352811
2020-06-08,extended,252,static,0.70580775,0.6359643
2020-06-09,extended,252,static,0.80062586,0.72704375
2020-06-10,extended,252,static,0.6440068,0.786747
2020-06-11,extended,252,static,1.0577861,1.1709907
2020-06-12,extended,252,static,1.8735307,1.6047187
2020-06-15,extended,252,static,1.2531884,1.8012862
2020-06-16,extended,252,static,1.762281,1.764921
2020-06-17,extended,252,static,1.1323292,0.9737746
2020-06-18,extended,252,static,1.0392388,1.0145183
2020-06-19,extended,252,static,0.71131295,0.81501395
2020-06-22,extended,252,static,0.74017274,0.8514823
2020-06-23,extended,252,static,1.3281714,1.1054611
2020-06-24,extended,252,static,0.65085447,0.8130311
2020-06-25,extended,252,static,0.83712643,0.8748197
2020-06-26,extended,252,static,0.5222545,0.6864834
2020-06-29,extended,252,static,1.0429374,0.9649693
2020-06-30,extended,252,static,0.8023248,0.73491466
2020-07-01,extended,252,static,0.67539215,0.8635416
2020-07-02,extended,252,static,0.8643747,0.7192646
2020-07-03,extended,252,static,0.54380655,0.67059183
2020-07-06,extended,252,static,0.7227224,0.9921243
2020-07-07,extended,252,static,0.67945415,0.721817
2020-07-08,extended,252,static,0.6387453,0.7644414
2020-07-09,extended,252,static,0.74466544,0.6957642
2020-07-10,extended,252,static,0.67423487,0.8360015
2020-07-13,extended,252,static,0.49379948,0.65714765
2020-07-14,extended,252,static,0.4431724,0.60145164
2020-07-15,extended,252,static,0.5759464,0.5406324
2020-07-16,extended,252,static,0.500501,0.5915155
2020-07-17,extended,252,static,0.6041281,0.6158106
2020-07-20,extended,252,static,0.5433164,0.59092665
2020-07-21,extended,252,static,0.49572718,0.51196384
2020-07-22,extended,252,static,0.40090045,0.5091239
2020-07-27,extended,252,static,0.5301595,0.7634789
2020-07-28,extended,252,static,0.40241814,0.58793426
2020-07-29,extended,252,static,0.55556196,0.64469105
2020-07-30,extended,252,static,0.4355534,0.55148023
2020-07-31,extended,252,static,0.8278358,1.3168555
2020-08-03,extended,252,static,0.80055183,0.87461936
2020-08-04,extended,252,static,0.53100026,0.6723968
2020-08-05,extended,252,static,0.68530995,0.6324517
2020-08-06,extended,252,static,0.6624951,0.65362394
2020-08-07,extended,252,static,0.58247375,0.66285366
2020-08-12,extended,252,static,0.8010266,0.62785417
2020-08-13,extended,252,static,0.49218693,0.56246024
2020-08-14,extended,252,static,0.37656367,0.5055989
2020-08-17,extended,252,static,0.4656221,0.5763384
2020-08-18,extended,252,static,0.49847624,0.5154981
2020-08-19,extended,252,static,0.47951716,0.5404233
2020-08-20,extended,252,static,0.53500396,0.6180402
2020-08-21,extended,252,static,0.6636273,0.59513867
2020-08-24,extended,252,static,0.47272506,0.51331407
2020-08-25,extended,252,static,0.44046512,0.51546687
2020-08-26,extended,252,static,0.52701247,0.4505066
2020-08-27,extended,252,static,0.40600523,0.47250304
2020-08-28,extended,252,static,2.4122212,1.633669
2020-08-31,extended,252,static,0.6035773,0.8632965
2020-09-01,extended,252,static,0.62298334,0.59819275
2020-09-02,extended,252,static,0.3644146,0.48757353
2020-09-03,extended,252,static,0.49498492,0.47533765
2020-09-04,extended,252,static,0.56105685,0.63636196
2020-09-07,extended,252,static,0.5212692,0.51085955
2020-09-08,extended,252,static,0.34489587,0.44383347
2020-09-09,extended,252,static,0.6004266,0.5512122
2020-09-10,extended,252,static,0.43909872,0.40182593
2020-09-11,extended,252,static,0.5818547,0.62709635
2020-09-14,extended,252,static,0.42525008,0.45207533
2020-09-15,extended,252,static,0.4435375,0.42859682
2020-09-16,extended,252,static,0.26747185,0.39861575
2020-09-17,extended,252,static,0.5299645,0.44191056
2020-09-18,extended,252,static,0.43230522,0.40351942
2020-09-23,extended,252,static,0.52252567,0.52304214
2020-09-24,extended,252,static,0.5338824,0.61400497
2020-09-25,extended,252,static,0.40236673,0.4384463
2020-09-29,extended,252,static,0.50254524,0.5459244
2020-09-30,extended,252,static,0.85774463,0.83567643
2020-10-02,extended,252,static,0.8668903,0.9011762
2020-10-05,extended,252,static,0.36842787,0.6374031
2020-10-06,extended,252,static,0.3341324,0.4119076
2020-10-07,extended,252,static,0.36705625,0.42361927
2020-10-08,extended,252,static,0.44761702,0.49385282
2020-10-09,extended,252,static,0.4702661,0.46268106
2020-10-12,extended,252,static,0.32050085,0.3806172
2020-10-13,extended,252,static,0.46101075,0.40744123
2020-10-14,extended,252,static,0.37613618,0.3832637
2020-10-15,extended,252,static,0.3666019,0.4070777
2020-10-16,extended,252,static,0.67650247,0.43633917
2020-10-19,extended,252,static,0.530364,0.4452953
2020-10-20,extended,252,static,0.36092952,0.4741643
2020-10-21,extended,252,static,0.31772637,0.3776435
2020-10-22,extended,252,static,0.41378877,0.42892805
2020-10-23,extended,252,static,0.4413301,0.36743996
2020-10-26,extended,252,static,0.35029134,0.33025783
2020-10-27,extended,252,static,0.54490006,0.51295394
2020-10-28,extended,252,static,0.34893918,0.39018416
2020-10-29,extended,252,static,0.44637895,0.5692301
2020-10-30,extended,252,static,0.8450571,0.7563458
2020-11-02,extended,252,static,0.67073953,0.69615805
2020-11-04,extended,252,static,1.0916898,0.6343078
2020-11-05,extended,252,static,0.7681009,0.68280053
2020-11-06,extended,252,static,0.713394,0.69968915
2020-11-09,extended,252,static,0.65497303,0.93543285
2020-11-10,extended,252,static,1.2082137,0.8722103
2020-11-11,extended,252,static,0.65709543,0.7240266
2020-11-12,extended,252,static,0.75230545,0.66269577
2020-11-13,extended,252,static,0.53164816,0.6727379
2020-11-16,extended,252,static,0.5324394,0.609553
2020-11-17,extended,252,static,0.5806778,0.49999902
2020-11-18,extended,252,static,0.63601655,0.6027894
2020-11-19,extended,252,static,0.5884881,0.56881195
2020-11-20,extended,252,static,0.42625457,0.48317757
2020-11-24,extended,252,static,0.6963919,0.73499775
2020-11-25,extended,252,static,0.85738194,0.79318386
2020-11-26,extended,252,static,0.6061936,0.69471
2020-11-27,extended,252,static,0.73962116,0.6412106
2020-11-30,extended,252,static,0.7755891,0.83025724
2020-12-01,extended,252,static,0.5314843,0.6903383
2020-12-02,extended,252,static,0.7369636,0.567058
2020-12-03,extended,252,static,0.59806216,0.5031813
2020-12-04,extended,252,static,0.43467817,0.5086654
2020-12-08,extended,252,static,0.60096705,0.5236384
2020-12-09,extended,252,static,0.7387608,0.6244023
2020-12-10,extended,252,static,0.45799226,0.61971056
2020-12-11,extended,252,static,0.6460483,0.6207716
2020-12-14,extended,252,static,0.5357216,0.5775974
2020-12-15,extended,252,static,0.4259057,0.4958537
2020-12-16,extended,252,static,0.26991796,0.4597602
2020-12-17,extended,252,static,0.41333416,0.45177823
2020-12-18,extended,252,static,0.305367,0.42538843
2020-12-22,extended,252,static,0.6504418,0.5565101
2020-12-23,extended,252,static,0.5171387,0.50804156
2020-12-24,extended,252,static,0.48816684,0.44253206
2020-12-25,extended,252,static,0.21323907,0.3860866
2020-12-28,extended,252,static,0.47390002,0.40547845
2020-12-29,extended,252,static,0.7114824,0.99844897
2020-12-30,extended,252,static,0.63203526,0.62269336
2020-01-06,core,60,expanding,0.4438290297985077,0.5659364461898804
2020-01-07,core,60,expanding,0.4479195773601532,0.5594761371612549
2020-01-08,core,60,expanding,1.0271527767181396,0.8271745443344116
2020-01-09,core,60,expanding,0.400295227766037,0.6237373352050781
2020-01-10,core,60,expanding,0.5081653594970703,0.5048598051071167
2020-01-14,core,60,expanding,0.4712035059928894,0.3793511390686035
2020-01-15,core,60,expanding,0.34357914328575134,0.4074324369430542
2020-01-16,core,60,expanding,0.3307075500488281,0.3500065803527832
2020-01-17,core,60,expanding,0.27532610297203064,0.3633735775947571
2020-01-20,core,60,expanding,0.24701274931430817,0.2598643898963928
2020-01-21,core,60,expanding,0.602698802947998,0.5013085603713989
2020-01-22,core,60,expanding,0.333309531211853,0.45078760385513306
2020-01-23,core,60,expanding,0.5190674066543579,0.4307454228401184
2020-01-24,core,60,expanding,0.357799232006073,0.39354556798934937
2020-01-27,core,60,expanding,0.5440838932991028,0.5190569162368774
2020-01-28,core,60,expanding,0.6042985320091248,0.4708109498023987
2020-01-29,core,60,expanding,0.41658565402030945,0.4425974190235138
2020-01-30,core,60,expanding,0.6496703624725342,0.9946852922439575
2020-01-31,core,60,expanding,0.7667313814163208,0.7361887693405151
2020-02-03,core,60,expanding,0.710476279258728,0.6985872983932495
2020-02-04,core,60,expanding,0.5517053008079529,0.6560757160186768
2020-02-05,core,60,expanding,0.5521484017372131,0.5024767518043518
2020-02-06,core,60,expanding,0.6123673319816589,0.7892540097236633
2020-02-07,core,60,expanding,0.5950723886489868,0.5975508689880371
2020-02-10,core,60,expanding,0.5692523121833801,0.519105851650238
2020-02-12,core,60,expanding,0.5979087948799133,0.4744751453399658
2020-02-13,core,60,expanding,0.5052513480186462,0.4437861442565918
2020-02-14,core,60,expanding,0.43281853199005127,0.4842309355735779
2020-02-17,core,60,expanding,0.6858312487602234,0.569136917591095
2020-02-18,core,60,expanding,0.5501335263252258,0.6912519335746765
2020-02-19,core,60,expanding,0.45302432775497437,0.5930204391479492
2020-02-20,core,60,expanding,0.9092039465904236,0.8114196062088013
2020-02-21,core,60,expanding,0.6960665583610535,0.6680716276168823
2020-02-25,core,60,expanding,1.9779070615768433,1.3655232191085815
2020-02-26,core,60,expanding,1.1447410583496094,1.0727012157440186
2020-02-27,core,60,expanding,0.9997437000274658,1.2308865785598755
2020-02-28,core,60,expanding,1.812671184539795,1.7962554693222046
2020-03-02,core,60,expanding,1.6904200315475464,1.757621169090271
2020-03-03,core,60,expanding,1.2993041276931763,1.719057559967041
2020-03-04,core,60,expanding,1.2761704921722412,1.350403904914856
2020-03-05,core,60,expanding,0.896021842956543,0.8697642087936401
2020-03-06,core,60,expanding,0.9243468642234802,1.2826898097991943
2020-03-09,core,60,expanding,2.136873722076416,2.449755907058716
2020-03-10,core,60,expanding,2.992283582687378,2.6325130462646484
2020-03-11,core,60,expanding,1.9073551893234253,2.083745241165161
2020-03-12,core,60,expanding,2.3385322093963623,2.6524507999420166
2020-03-13,core,60,expanding,6.204045295715332,4.221972942352295
2020-03-16,core,60,expanding,3.7857985496520996,3.07295823097229
2020-03-17,core,60,expanding,4.355637073516846,3.198108434677124
2020-03-18,core,60,expanding,2.641052007675171,2.7509143352508545
2020-03-19,core,60,expanding,2.735579013824463,2.7220382690429688
2020-03-23,core,60,expanding,2.372933864593506,2.243121862411499
2020-03-24,core,60,expanding,3.0436534881591797,2.2726783752441406
2020-03-25,core,60,expanding,3.0308642387390137,2.8942344188690186
2020-03-26,core,60,expanding,2.7148869037628174,2.6854233741760254
2020-03-27,core,60,expanding,2.881819725036621,2.012641191482544
2020-03-30,core,60,expanding,1.6537531614303589,1.8845945596694946
2020-03-31,core,60,expanding,1.7824640274047852,1.7800408601760864
2020-04-01,core,60,expanding,1.908313512802124,2.7954719066619873
2020-04-02,core,60,expanding,2.137784004211426,2.03857159614563
2020-04-03,core,60,expanding,1.4161434173583984,1.6908987760543823
2020-04-06,core,60,expanding,2.1911532878875732,2.050917625427246
2020-04-07,core,60,expanding,2.2000231742858887,1.973096489906311
2020-04-08,core,60,expanding,2.174736261367798,2.0101468563079834
2020-04-09,core,60,expanding,1.1293110847473145,1.54633367061615
2020-04-10,core,60,expanding,0.9440810084342957,1.2898340225219727
2020-04-13,core,60,expanding,0.9757497906684875,1.3154226541519165
2020-04-14,core,60,expanding,1.29672372341156,1.5089199542999268
2020-04-15,core,60,expanding,1.2495824098587036,1.1395941972732544
2020-04-16,core,60,expanding,0.833278238773346,1.0660676956176758
2020-04-17,core,60,expanding,1.198615312576294,1.1258519887924194
2020-04-20,core,60,expanding,0.8171135783195496,0.9467158317565918
2020-04-21,core,60,expanding,1.1040706634521484,1.081437587738037
2020-04-22,core,60,expanding,1.1519310474395752,1.0768764019012451
2020-04-23,core,60,expanding,0.8686289191246033,0.8849226236343384
2020-04-24,core,60,expanding,0.6615462303161621,0.8648529052734375
2020-04-27,core,60,expanding,0.8998702764511108,1.0185446739196777
2020-04-28,core,60,expanding,0.7764150500297546,0.8744833469390869
2020-04-30,core,60,expanding,1.1342170238494873,0.8795117139816284
2020-05-01,core,60,expanding,0.8840765357017517,1.1671457290649414
2020-05-07,core,60,expanding,0.7189698219299316,0.9993760585784912
2020-05-08,core,60,expanding,0.9641180038452148,0.9729317426681519
2020-05-11,core,60,expanding,0.7018338441848755,0.8748171925544739
2020-05-12,core,60,expanding,0.7655016183853149,0.7312891483306885
2020-05-13,core,60,expanding,0.7385724782943726,0.8401507139205933
2020-05-14,core,60,expanding,0.7860957980155945,0.8775866031646729
2020-05-15,core,60,expanding,1.065850019454956,0.9923704266548157
2020-05-18,core,60,expanding,0.7189533114433289,0.77117520570755
2020-05-19,core,60,expanding,0.9868238568305969,0.741533637046814
2020-05-20,core,60,expanding,0.5429572463035583,0.7497731447219849
2020-05-21,core,60,expanding,0.6371510624885559,0.7343462705612183
2020-05-22,core,60,expanding,0.8808878660202026,0.8312334418296814
2020-05-25,core,60,expanding,0.4803144037723541,0.599901020526886
2020-05-26,core,60,expanding,0.6801239252090454,0.8824570775032043
2020-05-27,core,60,expanding,1.0993151664733887,0.8671182990074158
2020-05-28,core,60,expanding,1.2409342527389526,0.9279031753540039
2020-05-29,core,60,expanding,0.7474121451377869,0.8232993483543396
2020-06-01,core,60,expanding,0.7798822522163391,0.7637319564819336
2020-06-02,core,60,expanding,0.7408336400985718,0.7831195592880249
2020-06-03,core,60,expanding,1.1755094528198242,0.8626216650009155
2020-06-04,core,60,expanding,1.0190725326538086,0.9620124697685242
2020-06-05,core,60,expanding,0.7521849870681763,0.8645859956741333
2020-06-08,core,60,expanding,0.7058077454566956,0.5921156406402588
2020-06-09,core,60,expanding,0.8006258606910706,0.709583580493927
2020-06-10,core,60,expanding,0.6440067887306213,0.7190125584602356
2020-06-11,core,60,expanding,1.0577861070632935,1.041282296180725
2020-06-12,core,60,expanding,1.8735307455062866,1.2315945625305176
2020-06-15,core,60,expanding,1.2531883716583252,1.7450523376464844
2020-06-16,core,60,expanding,1.7622809410095215,1.4882583618164062
2020-06-17,core,60,expanding,1.1323292255401611,0.9517239928245544
2020-06-18,core,60,expanding,1.0392388105392456,0.9387936592102051
2020-06-19,core,60,expanding,0.7113129496574402,0.7121171355247498
2020-06-22,core,60,expanding,0.7401727437973022,0.7543269991874695
2020-06-23,core,60,expanding,1.3281713724136353,0.9334608316421509
2020-06-24,core,60,expanding,0.6508544683456421,0.7290231585502625
2020-06-25,core,60,expanding,0.8371264338493347,0.7793406844139099
2020-06-26,core,60,expanding,0.5222545266151428,0.6302347183227539
2020-06-29,core,60,expanding,1.0429373979568481,0.8361656069755554
2020-06-30,core,60,expanding,0.8023247718811035,0.6331290006637573
2020-07-01,core,60,expanding,0.6753921508789062,0.8193100094795227
2020-07-02,core,60,expanding,0.8643746972084045,0.6798216104507446
2020-07-03,core,60,expanding,0.5438065528869629,0.6095389127731323
2020-07-06,core,60,expanding,0.7227224111557007,0.8417898416519165
2020-07-07,core,60,expanding,0.6794541478157043,0.6818399429321289
2020-07-08,core,60,expanding,0.6387453079223633,0.696761965751648
2020-07-09,core,60,expanding,0.7446654438972473,0.6794313192367554
2020-07-10,core,60,expanding,0.6742348670959473,0.8060381412506104
2020-07-13,core,60,expanding,0.49379947781562805,0.6233993768692017
2020-07-14,core,60,expanding,0.4431723952293396,0.5453879833221436
2020-07-15,core,60,expanding,0.5759463906288147,0.4618362784385681
2020-07-16,core,60,expanding,0.5005009770393372,0.5388655662536621
2020-07-17,core,60,expanding,0.6041281223297119,0.6139618158340454
2020-07-20,core,60,expanding,0.5433164238929749,0.546601414680481
2020-07-21,core,60,expanding,0.49572718143463135,0.45507198572158813
2020-07-22,core,60,expanding,0.4009004533290863,0.44009122252464294
2020-07-27,core,60,expanding,0.5301594734191895,0.6246629953384399
2020-07-28,core,60,expanding,0.4024181365966797,0.5395293235778809
2020-07-29,core,60,expanding,0.5555619597434998,0.5840455889701843
2020-07-30,core,60,expanding,0.4355534017086029,0.5270578265190125
2020-07-31,core,60,expanding,0.8278357982635498,1.4193848371505737
2020-08-03,core,60,expanding,0.8005518317222595,0.8033865690231323
2020-08-04,core,60,expanding,0.5310002565383911,0.6119081377983093
2020-08-05,core,60,expanding,0.6853099465370178,0.5751161575317383
2020-08-06,core,60,expanding,0.6624950766563416,0.6131818294525146
2020-08-07,core,60,expanding,0.5824737548828125,0.6626971960067749
2020-08-12,core,60,expanding,0.8010265827178955,0.5283282399177551
2020-08-13,core,60,expanding,0.49218693375587463,0.574394941329956
2020-08-14,core,60,expanding,0.3765636682510376,0.46818119287490845
2020-08-17,core,60,expanding,0.46562209725379944,0.5229994654655457
2020-08-18,core,60,expanding,0.4984762370586395,0.5118101239204407
2020-08-19,core,60,expanding,0.4795171618461609,0.5096921920776367
2020-08-20,core,60,expanding,0.5350039601325989,0.590430736541748
2020-08-21,core,60,expanding,0.6636273264884949,0.5884819030761719
2020-08-24,core,60,expanding,0.4727250635623932,0.44766920804977417
2020-08-25,core,60,expanding,0.44046512246131897,0.4733699560165405
2020-08-26,core,60,expanding,0.5270124673843384,0.447293221950531
2020-08-27,core,60,expanding,0.40600523352622986,0.43777328729629517
2020-08-28,core,60,expanding,2.4122211933135986,1.68789803981781
2020-08-31,core,60,expanding,0.6035773158073425,0.7351141571998596
2020-09-01,core,60,expanding,0.6229833364486694,0.5266990065574646
2020-09-02,core,60,expanding,0.36441460251808167,0.472557008266449
2020-09-03,core,60,expanding,0.4949849247932434,0.4619598090648651
2020-09-04,core,60,expanding,0.5610568523406982,0.5565588474273682
2020-09-07,core,60,expanding,0.5212692022323608,0.46841710805892944
2020-09-08,core,60,expanding,0.3448958694934845,0.41983819007873535
2020-09-09,core,60,expanding,0.6004266142845154,0.5055677890777588
2020-09-10,core,60,expanding,0.4390987157821655,0.38813549280166626
2020-09-11,core,60,expanding,0.5818547010421753,0.6632662415504456
2020-09-14,core,60,expanding,0.4252500832080841,0.4353885054588318
2020-09-15,core,60,expanding,0.44353750348091125,0.4228127598762512
2020-09-16,core,60,expanding,0.2674718499183655,0.37558016180992126
2020-09-17,core,60,expanding,0.5299645066261292,0.4383702576160431
2020-09-18,core,60,expanding,0.4323052167892456,0.3804935812950134
2020-09-23,core,60,expanding,0.5225256681442261,0.4761143922805786
2020-09-24,core,60,expanding,0.5338823795318604,0.5240156650543213
2020-09-25,core,60,expanding,0.4023667275905609,0.4194068908691406
2020-09-29,core,60,expanding,0.5025452375411987,0.5402512550354004
2020-09-30,core,60,expanding,0.8577446341514587,0.7910738587379456
2020-10-02,core,60,expanding,0.8668903112411499,0.9379334449768066
2020-10-05,core,60,expanding,0.3684278726577759,0.4865061044692993
2020-10-06,core,60,expanding,0.3341324031352997,0.4121118187904358
2020-10-07,core,60,expanding,0.3670562505722046,0.44745057821273804
2020-10-08,core,60,expanding,0.4476170241832733,0.5468510389328003
2020-10-09,core,60,expanding,0.47026610374450684,0.504326343536377
2020-10-12,core,60,expanding,0.32050085067749023,0.3695518374443054
2020-10-13,core,60,expanding,0.46101075410842896,0.4242621064186096
2020-10-14,core,60,expanding,0.3761361837387085,0.38548046350479126
2020-10-15,core,60,expanding,0.3666019141674042,0.3932569622993469
2020-10-16,core,60,expanding,0.6765024662017822,0.4606977105140686
2020-10-19,core,60,expanding,0.5303639769554138,0.4058571457862854
2020-10-20,core,60,expanding,0.3609295189380646,0.4457870125770569
2020-10-21,core,60,expanding,0.31772637367248535,0.34906095266342163
2020-10-22,core,60,expanding,0.413788765668869,0.39793363213539124
2020-10-23,core,60,expanding,0.44133010506629944,0.40535610914230347
2020-10-26,core,60,expanding,0.35029134154319763,0.3398023247718811
2020-10-27,core,60,expanding,0.5449000597000122,0.4998475909233093
2020-10-28,core,60,expanding,0.3489391803741455,0.3913686275482178
2020-10-29,core,60,expanding,0.4463789463043213,0.49864310026168823
2020-10-30,core,60,expanding,0.8450570702552795,0.8504431247711182
2020-11-02,core,60,expanding,0.6707395315170288,0.6474945545196533
2020-11-04,core,60,expanding,1.0916898250579834,0.6490676403045654
2020-11-05,core,60,expanding,0.768100917339325,0.8122766017913818
2020-11-06,core,60,expanding,0.7133939862251282,0.8362953066825867
2020-11-09,core,60,expanding,0.654973030090332,0.8656466603279114
2020-11-10,core,60,expanding,1.2082136869430542,0.8936614990234375
2020-11-11,core,60,expanding,0.6570954322814941,0.6823023557662964
2020-11-12,core,60,expanding,0.7523054480552673,0.6831141114234924
2020-11-13,core,60,expanding,0.5316481590270996,0.6705633401870728
2020-11-16,core,60,expanding,0.5324394106864929,0.6415730714797974
2020-11-17,core,60,expanding,0.5806778073310852,0.5509408712387085
2020-11-18,core,60,expanding,0.6360165476799011,0.5764958262443542
2020-11-19,core,60,expanding,0.5884881019592285,0.5469504594802856
2020-11-20,core,60,expanding,0.4262545704841614,0.4939485788345337
2020-11-24,core,60,expanding,0.6963918805122375,0.6436959505081177
2020-11-25,core,60,expanding,0.8573819398880005,0.8395811915397644
2020-11-26,core,60,expanding,0.6061936020851135,0.7394171953201294
2020-11-27,core,60,expanding,0.7396211624145508,0.6455826759338379
2020-11-30,core,60,expanding,0.775589108467102,0.8213581442832947
2020-12-01,core,60,expanding,0.5314843058586121,0.6104209423065186
2020-12-02,core,60,expanding,0.7369636297225952,0.5302502512931824
2020-12-03,core,60,expanding,0.5980621576309204,0.48527002334594727
2020-12-04,core,60,expanding,0.43467816710472107,0.48964130878448486
2020-12-08,core,60,expanding,0.6009670495986938,0.5339032411575317
2020-12-09,core,60,expanding,0.7387608289718628,0.6096802949905396
2020-12-10,core,60,expanding,0.4579922556877136,0.5736673474311829
2020-12-11,core,60,expanding,0.6460483074188232,0.6390087008476257
2020-12-14,core,60,expanding,0.5357216000556946,0.5394083857536316
2020-12-15,core,60,expanding,0.425905704498291,0.4406343102455139
2020-12-16,core,60,expanding,0.26991796493530273,0.42437368631362915
2020-12-17,core,60,expanding,0.4133341610431671,0.4249950647354126
2020-12-18,core,60,expanding,0.30536699295043945,0.3860578238964081
2020-12-22,core,60,expanding,0.6504418253898621,0.5615357756614685
2020-12-23,core,60,expanding,0.5171387195587158,0.4401063323020935
2020-12-24,core,60,expanding,0.48816683888435364,0.4240490198135376
2020-12-25,core,60,expanding,0.21323907375335693,0.36411234736442566
2020-12-28,core,60,expanding,0.4739000201225281,0.39554888010025024
2020-12-29,core,60,expanding,0.7114824056625366,1.0233875513076782
2020-12-30,core,60,expanding,0.6320352554321289,0.6096064448356628
2020-01-06,momentum,60,expanding,0.4438290297985077,0.517855167388916
2020-01-07,momentum,60,expanding,0.4479195773601532,0.5607949495315552
2020-01-08,momentum,60,expanding,1.0271527767181396,0.8116117119789124
2020-01-09,momentum,60,expanding,0.400295227766037,0.5940155386924744
2020-01-10,momentum,60,expanding,0.5081653594970703,0.43285417556762695
2020-01-14,momentum,60,expanding,0.4712035059928894,0.3652811348438263
2020-01-15,momentum,60,expanding,0.34357914328575134,0.4211351275444031
2020-01-16,momentum,60,expanding,0.3307075500488281,0.35268187522888184
2020-01-17,momentum,60,expanding,0.27532610297203064,0.34863540530204773
2020-01-20,momentum,60,expanding,0.24701274931430817,0.2627541720867157
2020-01-21,momentum,60,expanding,0.602698802947998,0.4450932741165161
2020-01-22,momentum,60,expanding,0.333309531211853,0.4585026204586029
2020-01-23,momentum,60,expanding,0.5190674066543579,0.4369252622127533
2020-01-24,momentum,60,expanding,0.357799232006073,0.38374972343444824
2020-01-27,momentum,60,expanding,0.5440838932991028,0.5025894045829773
2020-01-28,momentum,60,expanding,0.6042985320091248,0.4934074878692627
2020-01-29,momentum,60,expanding,0.41658565402030945,0.46852752566337585
2020-01-30,momentum,60,expanding,0.6496703624725342,0.9941038489341736
2020-01-31,momentum,60,expanding,0.7667313814163208,0.7237075567245483
2020-02-03,momentum,60,expanding,0.710476279258728,0.6652575135231018
2020-02-04,momentum,60,expanding,0.5517053008079529,0.6278387308120728
2020-02-05,momentum,60,expanding,0.5521484017372131,0.48803675174713135
2020-02-06,momentum,60,expanding,0.6123673319816589,0.6976462602615356
2020-02-07,momentum,60,expanding,0.5950723886489868,0.5369771718978882
2020-02-10,momentum,60,expanding,0.5692523121833801,0.5235350131988525
2020-02-12,momentum,60,expanding,0.5979087948799133,0.4729103147983551
2020-02-13,momentum,60,expanding,0.5052513480186462,0.41310638189315796
2020-02-14,momentum,60,expanding,0.43281853199005127,0.44655779004096985
2020-02-17,momentum,60,expanding,0.6858312487602234,0.5411561131477356
2020-02-18,momentum,60,expanding,0.5501335263252258,0.6593676805496216
2020-02-19,momentum,60,expanding,0.45302432775497437,0.6056305766105652
2020-02-20,momentum,60,expanding,0.9092039465904236,0.794684886932373
2020-02-21,momentum,60,expanding,0.6960665583610535,0.6143759489059448
2020-02-25,momentum,60,expanding,1.9779070615768433,1.3233059644699097
2020-02-26,momentum,60,expanding,1.1447410583496094,1.0689687728881836
2020-02-27,momentum,60,expanding,0.9997437000274658,1.1814531087875366
2020-02-28,momentum,60,expanding,1.812671184539795,1.8112019300460815
2020-03-02,momentum,60,expanding,1.6904200315475464,1.7249960899353027
2020-03-03,momentum,60,expanding,1.2993041276931763,1.6267445087432861
2020-03-04,momentum,60,expanding,1.2761704921722412,1.259546160697937
2020-03-05,momentum,60,expanding,0.896021842956543,0.9340234994888306
2020-03-06,momentum,60,expanding,0.9243468642234802,1.2976592779159546
2020-03-09,momentum,60,expanding,2.136873722076416,2.505544662475586
2020-03-10,momentum,60,expanding,2.992283582687378,2.775404453277588
2020-03-11,momentum,60,expanding,1.9073551893234253,2.136481285095215
2020-03-12,momentum,60,expanding,2.3385322093963623,2.9252774715423584
2020-03-13,momentum,60,expanding,6.204045295715332,4.1375861167907715
2020-03-16,momentum,60,expanding,3.7857985496520996,3.191343069076538
2020-03-17,momentum,60,expanding,4.355637073516846,3.3130836486816406
2020-03-18,momentum,60,expanding,2.641052007675171,2.765106201171875
2020-03-19,momentum,60,expanding,2.735579013824463,2.635463237762451
2020-03-23,momentum,60,expanding,2.372933864593506,2.1056740283966064
2020-03-24,momentum,60,expanding,3.0436534881591797,2.493424654006958
2020-03-25,momentum,60,expanding,3.0308642387390137,2.9776368141174316
2020-03-26,momentum,60,expanding,2.7148869037628174,2.8618626594543457
2020-03-27,momentum,60,expanding,2.881819725036621,2.2156012058258057
2020-03-30,momentum,60,expanding,1.6537531614303589,1.9092729091644287
2020-03-31,momentum,60,expanding,1.7824640274047852,1.818178415298462
2020-04-01,momentum,60,expanding,1.908313512802124,2.98221755027771
2020-04-02,momentum,60,expanding,2.137784004211426,2.1541202068328857
2020-04-03,momentum,60,expanding,1.4161434173583984,1.698638677597046
2020-04-06,momentum,60,expanding,2.1911532878875732,2.1453185081481934
2020-04-07,momentum,60,expanding,2.2000231742858887,1.9328504800796509
2020-04-08,momentum,60,expanding,2.174736261367798,2.0451464653015137
2020-04-09,momentum,60,expanding,1.1293110847473145,1.3470547199249268
2020-04-10,momentum,60,expanding,0.9440810084342957,1.104613184928894
2020-04-13,momentum,60,expanding,0.9757497906684875,1.1238371133804321
2020-04-14,momentum,60,expanding,1.29672372341156,1.4630928039550781
2020-04-15,momentum,60,expanding,1.2495824098587036,1.0630416870117188
2020-04-16,momentum,60,expanding,0.833278238773346,0.9675641059875488
2020-04-17,momentum,60,expanding,1.198615312576294,1.0721263885498047
2020-04-20,momentum,60,expanding,0.8171135783195496,0.8998889327049255
2020-04-21,momentum,60,expanding,1.1040706634521484,1.049443244934082
2020-04-22,momentum,60,expanding,1.1519310474395752,1.0288842916488647
2020-04-23,momentum,60,expanding,0.8686289191246033,0.8969312906265259
2020-04-24,momentum,60,expanding,0.6615462303161621,0.8938396573066711
2020-04-27,momentum,60,expanding,0.8998702764511108,1.0700562000274658
2020-04-28,momentum,60,expanding,0.7764150500297546,0.8480205535888672
2020-04-30,momentum,60,expanding,1.1342170238494873,0.8293828964233398
2020-05-01,momentum,60,expanding,0.8840765357017517,1.1358602046966553
2020-05-07,momentum,60,expanding,0.7189698219299316,1.023705244064331
2020-05-08,momentum,60,expanding,0.9641180038452148,0.88402259349823
2020-05-11,momentum,60,expanding,0.7018338441848755,0.8217751979827881
2020-05-12,momentum,60,expanding,0.7655016183853149,0.7063252925872803
2020-05-13,momentum,60,expanding,0.7385724782943726,0.7943795919418335
2020-05-14,momentum,60,expanding,0.7860957980155945,0.8822454214096069
2020-05-15,momentum,60,expanding,1.065850019454956,0.9912227392196655
2020-05-18,momentum,60,expanding,0.7189533114433289,0.7750722169876099
2020-05-19,momentum,60,expanding,0.9868238568305969,0.7018121480941772
2020-05-20,momentum,60,expanding,0.5429572463035583,0.7173594236373901
2020-05-21,momentum,60,expanding,0.6371510624885559,0.7122621536254883
2020-05-22,momentum,60,expanding,0.8808878660202026,0.8016438484191895
2020-05-25,momentum,60,expanding,0.4803144037723541,0.6256177425384521
2020-05-26,momentum,60,expanding,0.6801239252090454,0.8930656909942627
2020-05-27,momentum,60,expanding,1.0993151664733887,0.8777291774749756
2020-05-28,momentum,60,expanding,1.2409342527389526,0.8847528696060181
2020-05-29,momentum,60,expanding,0.7474121451377869,0.7994465827941895
2020-06-01,momentum,60,expanding,0.7798822522163391,0.7594420909881592
2020-06-02,momentum,60,expanding,0.7408336400985718,0.7684404850006104
2020-06-03,momentum,60,expanding,1.1755094528198242,0.8602402210235596
2020-06-04,momentum,60,expanding,1.0190725326538086,0.9768750667572021
2020-06-05,momentum,60,expanding,0.7521849870681763,0.8809752464294434
2020-06-08,momentum,60,expanding,0.7058077454566956,0.6800180673599243
2020-06-09,momentum,60,expanding,0.8006258606910706,0.7200927138328552
2020-06-10,momentum,60,expanding,0.6440067887306213,0.7390013933181763
2020-06-11,momentum,60,expanding,1.0577861070632935,1.0396816730499268
2020-06-12,momentum,60,expanding,1.8735307455062866,1.298742413520813
2020-06-15,momentum,60,expanding,1.2531883716583252,1.7808287143707275
2020-06-16,momentum,60,expanding,1.7622809410095215,1.5938507318496704
2020-06-17,momentum,60,expanding,1.1323292255401611,1.0500850677490234
2020-06-18,momentum,60,expanding,1.0392388105392456,0.951001763343811
2020-06-19,momentum,60,expanding,0.7113129496574402,0.8069003224372864
2020-06-22,momentum,60,expanding,0.7401727437973022,0.8371925950050354
2020-06-23,momentum,60,expanding,1.3281713724136353,1.0157055854797363
2020-06-24,momentum,60,expanding,0.6508544683456421,0.7768335938453674
2020-06-25,momentum,60,expanding,0.8371264338493347,0.8157640695571899
2020-06-26,momentum,60,expanding,0.5222545266151428,0.6864197850227356
2020-06-29,momentum,60,expanding,1.0429373979568481,0.9172571897506714
2020-06-30,momentum,60,expanding,0.8023247718811035,0.6729531288146973
2020-07-01,momentum,60,expanding,0.6753921508789062,0.8426908850669861
2020-07-02,momentum,60,expanding,0.8643746972084045,0.6785331964492798
2020-07-03,momentum,60,expanding,0.5438065528869629,0.6211076378822327
2020-07-06,momentum,60,expanding,0.7227224111557007,0.8721417784690857
2020-07-07,momentum,60,expanding,0.6794541478157043,0.6751981377601624
2020-07-08,momentum,60,expanding,0.6387453079223633,0.678807258605957
2020-07-09,momentum,60,expanding,0.7446654438972473,0.6755435466766357
2020-07-10,momentum,60,expanding,0.6742348670959473,0.7770360708236694
2020-07-13,momentum,60,expanding,0.49379947781562805,0.6197078227996826
2020-07-14,momentum,60,expanding,0.4431723952293396,0.5610752701759338
2020-07-15,momentum,60,expanding,0.5759463906288147,0.49977076053619385
2020-07-16,momentum,60,expanding,0.5005009770393372,0.5681881904602051
2020-07-17,momentum,60,expanding,0.6041281223297119,0.6143296957015991
2020-07-20,momentum,60,expanding,0.5433164238929749,0.5661402940750122
2020-07-21,momentum,60,expanding,0.49572718143463135,0.45407161116600037
2020-07-22,momentum,60,expanding,0.4009004533290863,0.44939687848091125
2020-07-27,momentum,60,expanding,0.5301594734191895,0.6478806734085083
2020-07-28,momentum,60,expanding,0.4024181365966797,0.5339938402175903
2020-07-29,momentum,60,expanding,0.5555619597434998,0.5897013545036316
2020-07-30,momentum,60,expanding,0.4355534017086029,0.5347442626953125
2020-07-31,momentum,60,expanding,0.8278357982635498,1.374582290649414
2020-08-03,momentum,60,expanding,0.8005518317222595,0.7797569036483765
2020-08-04,momentum,60,expanding,0.5310002565383911,0.5873221755027771
2020-08-05,momentum,60,expanding,0.6853099465370178,0.559188187122345
2020-08-06,momentum,60,expanding,0.6624950766563416,0.607925534248352
2020-08-07,momentum,60,expanding,0.5824737548828125,0.6459974050521851
2020-08-12,momentum,60,expanding,0.8010265827178955,0.5405248999595642
2020-08-13,momentum,60,expanding,0.49218693375587463,0.5591685175895691
2020-08-14,momentum,60,expanding,0.3765636682510376,0.48047003149986267
2020-08-17,momentum,60,expanding,0.46562209725379944,0.5152711272239685
2020-08-18,momentum,60,expanding,0.4984762370586395,0.4828178286552429
2020-08-19,momentum,60,expanding,0.4795171618461609,0.4971746802330017
2020-08-20,momentum,60,expanding,0.5350039601325989,0.5817550420761108
2020-08-21,momentum,60,expanding,0.6636273264884949,0.5597863793373108
2020-08-24,momentum,60,expanding,0.4727250635623932,0.43849384784698486
2020-08-25,momentum,60,expanding,0.44046512246131897,0.4516941010951996
2020-08-26,momentum,60,expanding,0.5270124673843384,0.42251622676849365
2020-08-27,momentum,60,expanding,0.40600523352622986,0.4409440755844116
2020-08-28,momentum,60,expanding,2.4122211933135986,1.7476773262023926
2020-08-31,momentum,60,expanding,0.6035773158073425,0.8260707855224609
2020-09-01,momentum,60,expanding,0.6229833364486694,0.5768550634384155
2020-09-02,momentum,60,expanding,0.36441460251808167,0.4709731936454773
2020-09-03,momentum,60,expanding,0.4949849247932434,0.46430665254592896
2020-09-04,momentum,60,expanding,0.5610568523406982,0.5583314895629883
2020-09-07,momentum,60,expanding,0.5212692022323608,0.4921257197856903
2020-09-08,momentum,60,expanding,0.3448958694934845,0.437046617269516
2020-09-09,momentum,60,expanding,0.6004266142845154,0.4981679916381836
2020-09-10,momentum,60,expanding,0.4390987157821655,0.4171443581581116
2020-09-11,momentum,60,expanding,0.5818547010421753,0.6007663011550903
2020-09-14,momentum,60,expanding,0.4252500832080841,0.46127060055732727
2020-09-15,momentum,60,expanding,0.44353750348091125,0.39961057901382446
2020-09-16,momentum,60,expanding,0.2674718499183655,0.36705589294433594
2020-09-17,momentum,60,expanding,0.5299645066261292,0.4689790606498718
2020-09-18,momentum,60,expanding,0.4323052167892456,0.41460880637168884
2020-09-23,momentum,60,expanding,0.5225256681442261,0.47713661193847656
2020-09-24,momentum,60,expanding,0.5338823795318604,0.5667774677276611
2020-09-25,momentum,60,expanding,0.4023667275905609,0.4579039216041565
2020-09-29,momentum,60,expanding,0.5025452375411987,0.5266340970993042
2020-09-30,momentum,60,expanding,0.8577446341514587,0.8067110776901245
2020-10-02,momentum,60,expanding,0.8668903112411499,0.944184422492981
2020-10-05,momentum,60,expanding,0.3684278726577759,0.540481686592102
2020-10-06,momentum,60,expanding,0.3341324031352997,0.4002935588359833
2020-10-07,momentum,60,expanding,0.3670562505722046,0.4169372618198395
2020-10-08,momentum,60,expanding,0.4476170241832733,0.4996335506439209
2020-10-09,momentum,60,expanding,0.47026610374450684,0.4758926331996918
2020-10-12,momentum,60,expanding,0.32050085067749023,0.37076085805892944
2020-10-13,momentum,60,expanding,0.46101075410842896,0.38342684507369995
2020-10-14,momentum,60,expanding,0.3761361837387085,0.36926963925361633
2020-10-15,momentum,60,expanding,0.3666019141674042,0.3945634663105011
2020-10-16,momentum,60,expanding,0.6765024662017822,0.42904582619667053
2020-10-19,momentum,60,expanding,0.5303639769554138,0.3910813331604004
2020-10-20,momentum,60,expanding,0.3609295189380646,0.40357866883277893
2020-10-21,momentum,60,expanding,0.31772637367248535,0.3297172486782074
2020-10-22,momentum,60,expanding,0.413788765668869,0.3980589807033539
2020-10-23,momentum,60,expanding,0.44133010506629944,0.3905198276042938
2020-10-26,momentum,60,expanding,0.35029134154319763,0.32961732149124146
2020-10-27,momentum,60,expanding,0.5449000597000122,0.4572993218898773
2020-10-28,momentum,60,expanding,0.3489391803741455,0.3720158040523529
2020-10-29,momentum,60,expanding,0.4463789463043213,0.48615068197250366
2020-10-30,momentum,60,expanding,0.8450570702552795,0.8628625869750977
2020-11-02,momentum,60,expanding,0.6707395315170288,0.6286517381668091
2020-11-04,momentum,60,expanding,1.0916898250579834,0.6055245995521545
2020-11-05,momentum,60,expanding,0.768100917339325,0.7382144927978516
2020-11-06,momentum,60,expanding,0.7133939862251282,0.7852132320404053
2020-11-09,momentum,60,expanding,0.654973030090332,0.8704085350036621
2020-11-10,momentum,60,expanding,1.2082136869430542,0.9127523303031921
2020-11-11,momentum,60,expanding,0.6570954322814941,0.7219929099082947
2020-11-12,momentum,60,expanding,0.7523054480552673,0.6900407075881958
2020-11-13,momentum,60,expanding,0.5316481590270996,0.6794834136962891
2020-11-16,momentum,60,expanding,0.5324394106864929,0.6572167873382568
2020-11-17,momentum,60,expanding,0.5806778073310852,0.5724344253540039
2020-11-18,momentum,60,expanding,0.6360165476799011,0.5800648927688599
2020-11-19,momentum,60,expanding,0.5884881019592285,0.5248813033103943
2020-11-20,momentum,60,expanding,0.4262545704841614,0.488054096698761
2020-11-24,momentum,60,expanding,0.6963918805122375,0.6236814856529236
2020-11-25,momentum,60,expanding,0.8573819398880005,0.8217270374298096
2020-11-26,momentum,60,expanding,0.6061936020851135,0.7158799171447754
2020-11-27,momentum,60,expanding,0.7396211624145508,0.6660170555114746
2020-11-30,momentum,60,expanding,0.775589108467102,0.8494739532470703
2020-12-01,momentum,60,expanding,0.5314843058586121,0.6318679451942444
2020-12-02,momentum,60,expanding,0.7369636297225952,0.5562788844108582
2020-12-03,momentum,60,expanding,0.5980621576309204,0.5126430988311768
2020-12-04,momentum,60,expanding,0.43467816710472107,0.5119404196739197
2020-12-08,momentum,60,expanding,0.6009670495986938,0.5341053009033203
2020-12-09,momentum,60,expanding,0.7387608289718628,0.6038402318954468
2020-12-10,momentum,60,expanding,0.4579922556877136,0.5677993893623352
2020-12-11,momentum,60,expanding,0.6460483074188232,0.6132198572158813
2020-12-14,momentum,60,expanding,0.5357216000556946,0.5408880710601807
2020-12-15,momentum,60,expanding,0.425905704498291,0.4301908016204834
2020-12-16,momentum,60,expanding,0.26991796493530273,0.41944634914398193
2020-12-17,momentum,60,expanding,0.4133341610431671,0.44573646783828735
2020-12-18,momentum,60,expanding,0.30536699295043945,0.4099177122116089
2020-12-22,momentum,60,expanding,0.6504418253898621,0.5593660473823547
2020-12-23,momentum,60,expanding,0.5171387195587158,0.44923198223114014
2020-12-24,momentum,60,expanding,0.48816683888435364,0.453809916973114
2020-12-25,momentum,60,expanding,0.21323907375335693,0.3907550573348999
2020-12-28,momentum,60,expanding,0.4739000201225281,0.4131314158439636
2020-12-29,momentum,60,expanding,0.7114824056625366,1.0637023448944092
2020-12-30,momentum,60,expanding,0.6320352554321289,0.6355091333389282
2020-01-06,extended,252,expanding,0.4438290297985077,0.6302090883255005
2020-01-07,extended,252,expanding,0.4479195773601532,0.5501384139060974
2020-01-08,extended,252,expanding,1.0271527767181396,0.7098891139030457
2020-01-09,extended,252,expanding,0.400295227766037,0.6605815887451172
2020-01-10,extended,252,expanding,0.5081653594970703,0.4935261607170105
2020-01-14,extended,252,expanding,0.4712035059928894,0.43871256709098816
2020-01-15,extended,252,expanding,0.34357914328575134,0.43930763006210327
2020-01-16,extended,252,expanding,0.3307075500488281,0.3969149589538574
2020-01-17,extended,252,expanding,0.27532610297203064,0.39479315280914307
2020-01-20,extended,252,expanding,0.24701274931430817,0.3193025588989258
2020-01-21,extended,252,expanding,0.602698802947998,0.46091341972351074
2020-01-22,extended,252,expanding,0.333309531211853,0.4578096866607666
2020-01-23,extended,252,expanding,0.5190674066543579,0.4690263569355011
2020-01-24,extended,252,expanding,0.357799232006073,0.43043404817581177
2020-01-27,extended,252,expanding,0.5440838932991028,0.5880240201950073
2020-01-28,extended,252,expanding,0.6042985320091248,0.5164720416069031
2020-01-29,extended,252,expanding,0.41658565402030945,0.4877249002456665
2020-01-30,extended,252,expanding,0.6496703624725342,0.8008254170417786
2020-01-31,extended,252,expanding,0.7667313814163208,0.6830273866653442
2020-02-03,extended,252,expanding,0.710476279258728,0.6684702634811401
2020-02-04,extended,252,expanding,0.5517053008079529,0.601029634475708
2020-02-05,extended,252,expanding,0.5521484017372131,0.45679134130477905
2020-02-06,extended,252,expanding,0.6123673319816589,0.6813899874687195
2020-02-07,extended,252,expanding,0.5950723886489868,0.5307928323745728
2020-02-10,extended,252,expanding,0.5692523121833801,0.49570930004119873
2020-02-12,extended,252,expanding,0.5979087948799133,0.4953935146331787
2020-02-13,extended,252,expanding,0.5052513480186462,0.42468783259391785
2020-02-14,extended,252,expanding,0.43281853199005127,0.4839984178543091
2020-02-17,extended,252,expanding,0.6858312487602234,0.5477145910263062
2020-02-18,extended,252,expanding,0.5501335263252258,0.6562905311584473
2020-02-19,extended,252,expanding,0.45302432775497437,0.5801103115081787
2020-02-20,extended,252,expanding,0.9092039465904236,0.7347327470779419
2020-02-21,extended,252,expanding,0.6960665583610535,0.6297451853752136
2020-02-25,extended,252,expanding,1.9779070615768433,1.2541290521621704
2020-02-26,extended,252,expanding,1.1447410583496094,1.0828309059143066
2020-02-27,extended,252,expanding,0.9997437000274658,1.0692726373672485
2020-02-28,extended,252,expanding,1.812671184539795,1.7017897367477417
2020-03-02,extended,252,expanding,1.6904200315475464,1.9026418924331665
2020-03-03,extended,252,expanding,1.2993041276931763,1.5976905822753906
2020-03-04,extended,252,expanding,1.2761704921722412,1.2237893342971802
2020-03-05,extended,252,expanding,0.896021842956543,0.81076979637146
2020-03-06,extended,252,expanding,0.9243468642234802,1.1393400430679321
2020-03-09,extended,252,expanding,2.136873722076416,2.011002779006958
2020-03-10,extended,252,expanding,2.992283582687378,2.960615873336792
2020-03-11,extended,252,expanding,1.9073551893234253,1.8659989833831787
2020-03-12,extended,252,expanding,2.3385322093963623,2.6858699321746826
2020-03-13,extended,252,expanding,6.204045295715332,3.699814796447754
2020-03-16,extended,252,expanding,3.7857985496520996,2.896942615509033
2020-03-17,extended,252,expanding,4.355637073516846,3.3269689083099365
2020-03-18,extended,252,expanding,2.641052007675171,2.5704915523529053
2020-03-19,extended,252,expanding,2.735579013824463,3.088165521621704
2020-03-23,extended,252,expanding,2.372933864593506,2.3938920497894287
2020-03-24,extended,252,expanding,3.0436534881591797,2.830308198928833
2020-03-25,extended,252,expanding,3.0308642387390137,3.134817600250244
2020-03-26,extended,252,expanding,2.7148869037628174,2.5852720737457275
2020-03-27,extended,252,expanding,2.881819725036621,2.0064356327056885
2020-03-30,extended,252,expanding,1.6537531614303589,1.786142349243164
2020-03-31,extended,252,expanding,1.7824640274047852,1.7554609775543213
2020-04-01,extended,252,expanding,1.908313512802124,2.8354499340057373
2020-04-02,extended,252,expanding,2.137784004211426,2.080368995666504
2020-04-03,extended,252,expanding,1.4161434173583984,1.8821048736572266
2020-04-06,extended,252,expanding,2.1911532878875732,2.3519015312194824
2020-04-07,extended,252,expanding,2.2000231742858887,1.9647635221481323
2020-04-08,extended,252,expanding,2.174736261367798,2.131335496902466
2020-04-09,extended,252,expanding,1.1293110847473145,1.3031507730484009
2020-04-10,extended,252,expanding,0.9440810084342957,1.1556402444839478
2020-04-13,extended,252,expanding,0.9757497906684875,1.2174348831176758
2020-04-14,extended,252,expanding,1.29672372341156,1.6689282655715942
2020-04-15,extended,252,expanding,1.2495824098587036,1.040615200996399
2020-04-16,extended,252,expanding,0.833278238773346,0.9658706188201904
2020-04-17,extended,252,expanding,1.198615312576294,1.147584080696106
2020-04-20,extended,252,expanding,0.8171135783195496,0.8106418251991272
2020-04-21,extended,252,expanding,1.1040706634521484,1.1163827180862427
2020-04-22,extended,252,expanding,1.1519310474395752,1.2959710359573364
2020-04-23,extended,252,expanding,0.8686289191246033,0.7107236981391907
2020-04-24,extended,252,expanding,0.6615462303161621,0.7093908786773682
2020-04-27,extended,252,expanding,0.8998702764511108,0.9720736145973206
2020-04-28,extended,252,expanding,0.7764150500297546,0.680158257484436
2020-04-30,extended,252,expanding,1.1342170238494873,1.0412501096725464
2020-05-01,extended,252,expanding,0.8840765357017517,1.260649561882019
2020-05-07,extended,252,expanding,0.7189698219299316,1.2822610139846802
2020-05-08,extended,252,expanding,0.9641180038452148,0.9963849782943726
2020-05-11,extended,252,expanding,0.7018338441848755,0.8172926902770996
2020-05-12,extended,252,expanding,0.7655016183853149,0.6873488426208496
2020-05-13,extended,252,expanding,0.7385724782943726,0.7945884466171265
2020-05-14,extended,252,expanding,0.7860957980155945,0.9971945285797119
2020-05-15,extended,252,expanding,1.065850019454956,1.166416883468628
2020-05-18,extended,252,expanding,0.7189533114433289,0.907609224319458
2020-05-19,extended,252,expanding,0.9868238568305969,0.7167664766311646
2020-05-20,extended,252,expanding,0.5429572463035583,0.8060938715934753
2020-05-21,extended,252,expanding,0.6371510624885559,0.7016305923461914
2020-05-22,extended,252,expanding,0.8808878660202026,0.8263245224952698
2020-05-25,extended,252,expanding,0.4803144037723541,0.6288261413574219
2020-05-26,extended,252,expanding,0.6801239252090454,0.9825438261032104
2020-05-27,extended,252,expanding,1.0993151664733887,0.8476107120513916
2020-05-28,extended,252,expanding,1.2409342527389526,0.9251952767372131
2020-05-29,extended,252,expanding,0.7474121451377869,0.8478238582611084
2020-06-01,extended,252,expanding,0.7798822522163391,0.7760593891143799
2020-06-02,extended,252,expanding,0.7408336400985718,0.8134260177612305
2020-06-03,extended,252,expanding,1.1755094528198242,0.8972877860069275
2020-06-04,extended,252,expanding,1.0190725326538086,0.9878685474395752
2020-06-05,extended,252,expanding,0.7521849870681763,0.936286985874176
2020-06-08,extended,252,expanding,0.7058077454566956,0.5959416627883911
2020-06-09,extended,252,expanding,0.8006258606910706,0.7156943082809448
2020-06-10,extended,252,expanding,0.6440067887306213,0.7615160942077637
2020-06-11,extended,252,expanding,1.0577861070632935,1.1504766941070557
2020-06-12,extended,252,expanding,1.8735307455062866,1.6930105686187744
2020-06-15,extended,252,expanding,1.2531883716583252,1.9877021312713623
2020-06-16,extended,252,expanding,1.7622809410095215,1.5735762119293213
2020-06-17,extended,252,expanding,1.1323292255401611,0.858881950378418
2020-06-18,extended,252,expanding,1.0392388105392456,0.8932256698608398
2020-06-19,extended,252,expanding,0.7113129496574402,0.6922757625579834
2020-06-22,extended,252,expanding,0.7401727437973022,0.8156479597091675
2020-06-23,extended,252,expanding,1.3281713724136353,1.0786817073822021
2020-06-24,extended,252,expanding,0.6508544683456421,0.7623215913772583
2020-06-25,extended,252,expanding,0.8371264338493347,0.8033894896507263
2020-06-26,extended,252,expanding,0.5222545266151428,0.6482152938842773
2020-06-29,extended,252,expanding,1.0429373979568481,0.9991616010665894
2020-06-30,extended,252,expanding,0.8023247718811035,0.6785519123077393
2020-07-01,extended,252,expanding,0.6753921508789062,0.8824282884597778
2020-07-02,extended,252,expanding,0.8643746972084045,0.703399121761322
2020-07-03,extended,252,expanding,0.5438065528869629,0.6734947562217712
2020-07-06,extended,252,expanding,0.7227224111557007,0.9737363457679749
2020-07-07,extended,252,expanding,0.6794541478157043,0.7089298963546753
2020-07-08,extended,252,expanding,0.6387453079223633,0.7403579950332642
2020-07-09,extended,252,expanding,0.7446654438972473,0.7006685137748718
2020-07-10,extended,252,expanding,0.6742348670959473,0.8249269127845764
2020-07-13,extended,252,expanding,0.49379947781562805,0.683117687702179
2020-07-14,extended,252,expanding,0.4431723952293396,0.6112224459648132
2020-07-15,extended,252,expanding,0.5759463906288147,0.5538122653961182
2020-07-16,extended,252,expanding,0.5005009770393372,0.6094704270362854
2020-07-17,extended,252,expanding,0.6041281223297119,0.6312821507453918
2020-07-20,extended,252,expanding,0.5433164238929749,0.6112192869186401
2020-07-21,extended,252,expanding,0.49572718143463135,0.5254643559455872
2020-07-22,extended,252,expanding,0.4009004533290863,0.5053490400314331
2020-07-27,extended,252,expanding,0.5301594734191895,0.7174398303031921
2020-07-28,extended,252,expanding,0.4024181365966797,0.5714733004570007
2020-07-29,extended,252,expanding,0.5555619597434998,0.6239854097366333
2020-07-30,extended,252,expanding,0.4355534017086029,0.5585266947746277
2020-07-31,extended,252,expanding,0.8278357982635498,1.270812749862671
2020-08-03,extended,252,expanding,0.8005518317222595,0.8477765917778015
2020-08-04,extended,252,expanding,0.5310002565383911,0.5663346648216248
2020-08-05,extended,252,expanding,0.6853099465370178,0.5528990030288696
2020-08-06,extended,252,expanding,0.6624950766563416,0.6019612550735474
2020-08-07,extended,252,expanding,0.5824737548828125,0.6277706027030945
2020-08-12,extended,252,expanding,0.8010265827178955,0.5972660779953003
2020-08-13,extended,252,expanding,0.49218693375587463,0.5279574394226074
2020-08-14,extended,252,expanding,0.3765636682510376,0.4721142649650574
2020-08-17,extended,252,expanding,0.46562209725379944,0.5387958288192749
2020-08-18,extended,252,expanding,0.4984762370586395,0.4843871295452118
2020-08-19,extended,252,expanding,0.4795171618461609,0.5040459632873535
2020-08-20,extended,252,expanding,0.5350039601325989,0.6017889976501465
2020-08-21,extended,252,expanding,0.6636273264884949,0.5932223796844482
2020-08-24,extended,252,expanding,0.4727250635623932,0.4783163070678711
2020-08-25,extended,252,expanding,0.44046512246131897,0.49338284134864807
2020-08-26,extended,252,expanding,0.5270124673843384,0.41299381852149963
2020-08-27,extended,252,expanding,0.40600523352622986,0.42761582136154175
2020-08-28,extended,252,expanding,2.4122211933135986,1.7311038970947266
2020-08-31,extended,252,expanding,0.6035773158073425,0.7963389158248901
2020-09-01,extended,252,expanding,0.6229833364486694,0.5599362850189209
2020-09-02,extended,252,expanding,0.36441460251808167,0.508669912815094
2020-09-03,extended,252,expanding,0.4949849247932434,0.49744713306427
2020-09-04,extended,252,expanding,0.5610568523406982,0.6065496802330017
2020-09-07,extended,252,expanding,0.5212692022323608,0.5083494782447815
2020-09-08,extended,252,expanding,0.3448958694934845,0.483656108379364
2020-09-09,extended,252,expanding,0.6004266142845154,0.5162521600723267
2020-09-10,extended,252,expanding,0.4390987157821655,0.4454973042011261
2020-09-11,extended,252,expanding,0.5818547010421753,0.6332286596298218
2020-09-14,extended,252,expanding,0.4252500832080841,0.4465722441673279
2020-09-15,extended,252,expanding,0.44353750348091125,0.4433417320251465
2020-09-16,extended,252,expanding,0.2674718499183655,0.42143648862838745
2020-09-17,extended,252,expanding,0.5299645066261292,0.4674922525882721
2020-09-18,extended,252,expanding,0.4323052167892456,0.4163975119590759
2020-09-23,extended,252,expanding,0.5225256681442261,0.5302615761756897
2020-09-24,extended,252,expanding,0.5338823795318604,0.5735279321670532
2020-09-25,extended,252,expanding,0.4023667275905609,0.4638434648513794
2020-09-29,extended,252,expanding,0.5025452375411987,0.504141628742218
2020-09-30,extended,252,expanding,0.8577446341514587,0.808115541934967
2020-10-02,extended,252,expanding,0.8668903112411499,0.8753862977027893
2020-10-05,extended,252,expanding,0.3684278726577759,0.6227313280105591
2020-10-06,extended,252,expanding,0.3341324031352997,0.43760544061660767
2020-10-07,extended,252,expanding,0.3670562505722046,0.4006204605102539
2020-10-08,extended,252,expanding,0.4476170241832733,0.5063580274581909
2020-10-09,extended,252,expanding,0.47026610374450684,0.47079336643218994
2020-10-12,extended,252,expanding,0.32050085067749023,0.3903699517250061
2020-10-13,extended,252,expanding,0.46101075410842896,0.43542009592056274
2020-10-14,extended,252,expanding,0.3761361837387085,0.4039897918701172
2020-10-15,extended,252,expanding,0.3666019141674042,0.41216355562210083
2020-10-16,extended,252,expanding,0.6765024662017822,0.4485923647880554
2020-10-19,extended,252,expanding,0.5303639769554138,0.46657833456993103
2020-10-20,extended,252,expanding,0.3609295189380646,0.46484923362731934
2020-10-21,extended,252,expanding,0.31772637367248535,0.3658297657966614
2020-10-22,extended,252,expanding,0.413788765668869,0.43293505907058716
2020-10-23,extended,252,expanding,0.44133010506629944,0.3906312584877014
2020-10-26,extended,252,expanding,0.35029134154319763,0.3389982581138611
2020-10-27,extended,252,expanding,0.5449000597000122,0.5011769533157349
2020-10-28,extended,252,expanding,0.3489391803741455,0.39629262685775757
2020-10-29,extended,252,expanding,0.4463789463043213,0.5512584447860718
2020-10-30,extended,252,expanding,0.8450570702552795,0.7617881894111633
2020-11-02,extended,252,expanding,0.6707395315170288,0.6907473206520081
2020-11-04,extended,252,expanding,1.0916898250579834,0.6631811857223511
2020-11-05,extended,252,expanding,0.768100917339325,0.7167127132415771
2020-11-06,extended,252,expanding,0.7133939862251282,0.7211882472038269
2020-11-09,extended,252,expanding,0.654973030090332,0.977817177772522
2020-11-10,extended,252,expanding,1.2082136869430542,0.8776158690452576
2020-11-11,extended,252,expanding,0.6570954322814941,0.6626079082489014
2020-11-12,extended,252,expanding,0.7523054480552673,0.6143506169319153
2020-11-13,extended,252,expanding,0.5316481590270996,0.6022965908050537
2020-11-16,extended,252,expanding,0.5324394106864929,0.6199386119842529
2020-11-17,extended,252,expanding,0.5806778073310852,0.47856974601745605
2020-11-18,extended,252,expanding,0.6360165476799011,0.5667991638183594
2020-11-19,extended,252,expanding,0.5884881019592285,0.5233240127563477
2020-11-20,extended,252,expanding,0.4262545704841614,0.46330535411834717
2020-11-24,extended,252,expanding,0.6963918805122375,0.7622737884521484
2020-11-25,extended,252,expanding,0.8573819398880005,0.7944332957267761
2020-11-26,extended,252,expanding,0.6061936020851135,0.64739990234375
2020-11-27,extended,252,expanding,0.7396211624145508,0.630167543888092
2020-11-30,extended,252,expanding,0.775589108467102,0.8500818014144897
2020-12-01,extended,252,expanding,0.5314843058586121,0.61208176612854
2020-12-02,extended,252,expanding,0.7369636297225952,0.5293924808502197
2020-12-03,extended,252,expanding,0.5980621576309204,0.48076537251472473
2020-12-04,extended,252,expanding,0.43467816710472107,0.47059252858161926
2020-12-08,extended,252,expanding,0.6009670495986938,0.49830058217048645
2020-12-09,extended,252,expanding,0.7387608289718628,0.6055547595024109
2020-12-10,extended,252,expanding,0.4579922556877136,0.5722357630729675
2020-12-11,extended,252,expanding,0.6460483074188232,0.5768736004829407
2020-12-14,extended,252,expanding,0.5357216000556946,0.5379212498664856
2020-12-15,extended,252,expanding,0.425905704498291,0.44836148619651794
2020-12-16,extended,252,expanding,0.26991796493530273,0.4321659505367279
2020-12-17,extended,252,expanding,0.4133341610431671,0.4242492616176605
2020-12-18,extended,252,expanding,0.30536699295043945,0.4146919846534729
2020-12-22,extended,252,expanding,0.6504418253898621,0.5128231048583984
2020-12-23,extended,252,expanding,0.5171387195587158,0.4832059442996979
2020-12-24,extended,252,expanding,0.48816683888435364,0.41779467463493347
2020-12-25,extended,252,expanding,0.21323907375335693,0.36335113644599915
2020-12-28,extended,252,expanding,0.4739000201225281,0.38516566157341003
2020-12-29,extended,252,expanding,0.7114824056625366,0.9781674742698669
2020-12-30,extended,252,expanding,0.6320352554321289,0.5639334321022034
