model,regime,country,feature_set,L,protocol,phase,RMSE,MAE,QLIKE,RMSE_CV,tuning_val_qlike,tuning_val_mse,tuning_best_epoch,final_epochs,n_features,is_best_L,best_val_loss,epochs_used,n_refits
1DCNN,normal,US,core,60,static,Full Test,0.1703121739911319,0.1020837530553261,0.027084521,0.2910923761671851,0.027290697,0.028304168,47,47,10,TRUE,,,
1DCNN,normal,KR,core,252,static,Full Test,0.1082896440311103,0.082646162,0.018311842,0.2037006375957243,0.014556622,0.011818424,57,57,10,TRUE,,,
1DCNN,normal,JP,core,22,static,Full Test,0.1786116078840771,0.1211120415836164,0.025906164,0.2624553505549638,0.014925696,0.034098421,27,27,10,TRUE,,,
1DCNN,911,US,core,22,static,Full Test,0.2512722682763145,0.1704825712574852,0.0257075,0.2386252921471084,0.014633837,0.024578463,27,27,10,TRUE,,,
1DCNN,911,US,core,22,static,Shock,0.4047861717663106,0.2742848706245422,0.027422461,0.2568580555057598,0.014633837,0.024578463,27,27,10,TRUE,,,
1DCNN,911,US,core,22,static,Recovery,0.2006195066040809,0.1468911395831541,0.025317737,0.2147603839376151,0.014633837,0.024578463,27,27,10,TRUE,,,
1DCNN,911,KR,core,60,static,Full Test,0.5063822061912449,0.2628220573944204,0.02168763,0.3588194314691512,0.011858002,0.028514152,22,22,10,TRUE,,,
1DCNN,911,KR,core,60,static,Shock,1.0055394741338286,0.5216964240427371,0.047810513,0.7341841049537629,0.011858002,0.028514152,22,22,10,TRUE,,,
1DCNN,911,KR,core,60,static,Recovery,0.2635947604011289,0.1986972142796997,0.015216824,0.1854263147963036,0.011858002,0.028514152,22,22,10,TRUE,,,
1DCNN,911,JP,core,22,static,Full Test,0.2448018186970323,0.1888969034180605,0.01598622,0.1783020095392287,0.01080382,0.030285088,20,20,10,TRUE,,,
1DCNN,911,JP,core,22,static,Shock,0.3184623093668702,0.2384135382516043,0.016290368,0.1840399267979589,0.01080382,0.030285088,20,20,10,TRUE,,,
1DCNN,911,JP,core,22,static,Recovery,0.2210516845085477,0.1756924674624488,0.015905115,0.1730149098146196,0.01080382,0.030285088,20,20,10,TRUE,,,
1DCNN,gfc,US,core,252,static,Full Test,0.4617746002859934,0.2803550245969192,0.023523413,0.2856762603097881,0.01961304,0.015735509,55,55,10,TRUE,,,
1DCNN,gfc,US,core,252,static,Pre-Lehman,0.2786279819532111,0.1753241905264635,0.019972306,0.2499311124383019,0.01961304,0.015735509,55,55,10,TRUE,,,
1DCNN,gfc,US,core,252,static,Lehman Crisis,0.7812738866645914,0.5730408678452173,0.034859529,0.2762498258976059,0.01961304,0.015735509,55,55,10,TRUE,,,
1DCNN,gfc,US,core,252,static,Recovery,0.3117675581053073,0.2128728352487087,0.019081283,0.1981631930008316,0.01961304,0.015735509,55,55,10,TRUE,,,
1DCNN,gfc,KR,core,60,static,Full Test,0.3862140445184325,0.2452517117178717,0.021189644,0.2627931475675373,0.023573767,0.027523939,16,16,10,TRUE,,,
1DCNN,gfc,KR,core,60,static,Pre-Lehman,0.2267212710965887,0.1635159827362407,0.017347548,0.1984209957359403,0.023573767,0.027523939,16,16,10,TRUE,,,
1DCNN,gfc,KR,core,60,static,Lehman Crisis,0.6421948130166892,0.4746056002075389,0.034156396,0.2757799740334018,0.023573767,0.027523939,16,16,10,TRUE,,,
1DCNN,gfc,KR,core,60,static,Recovery,0.3113020892448329,0.1879212945699691,0.015270889,0.2346318157779149,0.023573767,0.027523939,16,16,10,TRUE,,,
1DCNN,gfc,JP,core,60,static,Full Test,0.3429466914493677,0.2252204555731553,0.02124453,0.2522482786662655,0.013228622,0.015418654,34,34,10,TRUE,,,
1DCNN,gfc,JP,core,60,static,Pre-Lehman,0.2091036276162531,0.1470745018673287,0.01505481,0.1942390503153596,0.013228622,0.015418654,34,34,10,TRUE,,,
1DCNN,gfc,JP,core,60,static,Lehman Crisis,0.5777926403065764,0.436251597,0.037732024,0.2716033871746132,0.013228622,0.015418654,34,34,10,TRUE,,,
1DCNN,gfc,JP,core,60,static,Recovery,0.2515594456783628,0.1939071966456128,0.01910139,0.2027020362273475,0.013228622,0.015418654,34,34,10,TRUE,,,
1DCNN,covid,US,core,252,static,Full Test,0.5066347883694288,0.2281526396231305,0.026950732,0.4419027092227038,0.017974757,0.011535804,69,69,10,TRUE,,,
1DCNN,covid,US,core,252,static,Pre-crash,0.1021328169897673,0.080781547,0.022760252,0.2120168160096194,0.017974757,0.011535804,69,69,10,TRUE,,,
1DCNN,covid,US,core,252,static,Crash,1.6277830183037127,1.2346038931892032,0.1260335735914206,0.453191478,0.017974757,0.011535804,69,69,10,TRUE,,,
1DCNN,covid,US,core,252,static,Recovery,0.1995832506959495,0.1449365558413168,0.016877436,0.1995418996314688,0.017974757,0.011535804,69,69,10,TRUE,,,
1DCNN,covid,KR,core,22,static,Full Test,0.2934242727760054,0.1845487035330265,0.031562822,0.28773415,0.016557083,0.012547252,2,2,10,TRUE,,,
1DCNN,covid,KR,core,22,static,Pre-crash,0.1604667079474698,0.1082550610814775,0.018495622,0.2058133287225018,0.016557083,0.012547252,2,2,10,TRUE,,,
1DCNN,covid,KR,core,22,static,Crash,0.4797367776824062,0.3580105787231809,0.022041059,0.2441674120423362,0.016557083,0.012547252,2,2,10,TRUE,,,
1DCNN,covid,KR,core,22,static,Recovery,0.2852075789205825,0.1794840061726669,0.034986306,0.2970342532631551,0.016557083,0.012547252,2,2,10,TRUE,,,
1DCNN,covid,JP,core,60,static,Full Test,0.212754212,0.1374443492093006,0.02053643,0.24443801,0.021730842,0.012443863,12,12,10,TRUE,,,
1DCNN,covid,JP,core,60,static,Pre-crash,0.1255250440621522,0.1004963837789766,0.025007064,0.2338884043235207,0.021730842,0.012443863,12,12,10,TRUE,,,
1DCNN,covid,JP,core,60,static,Crash,0.3864570782556942,0.2729055567791587,0.015113922,0.1688306570591819,0.021730842,0.012443863,12,12,10,TRUE,,,
1DCNN,covid,JP,core,60,static,Recovery,0.1996679817826093,0.1301621982166844,0.020297165,0.2544611618298937,0.021730842,0.012443863,12,12,10,TRUE,,,
1DCNN,normal,US,core,60,expanding,Full Test,0.1743428712957185,0.10101376876691369,0.025497976715755353,0.29798152113261706,,,,,10,TRUE,0.022316412338404375,39,76
1DCNN,normal,KR,core,252,expanding,Full Test,0.11051522854339378,0.082003689,0.01855786,0.20788712272300994,,,,,10,TRUE,0.021805679792544937,22,74
1DCNN,normal,JP,core,22,expanding,Full Test,0.17053650568942352,0.10438398520832193,0.018604492,0.2505896392365791,,,,,10,TRUE,0.016472387569427902,44,73
1DCNN,911,US,core,22,expanding,Full Test,0.269809039,0.1814252237478892,0.027377289616007234,0.2562290748079419,,,,,10,TRUE,0.022191842098915875,28,7
1DCNN,911,US,core,22,expanding,Shock,0.44821142906904177,0.3108741474151611,0.031522172275746094,0.28441365875659486,,,,,10,TRUE,0.022191842098915875,28,7
1DCNN,911,US,core,22,expanding,Recovery,0.20900732389732632,0.15200501382350923,0.026435271,0.223739425,,,,,10,TRUE,0.022191842098915875,28,7
1DCNN,911,KR,core,60,expanding,Full Test,0.4405442085999386,0.26187392455690045,0.025430481623961415,0.3121670164041206,,,,,10,TRUE,0.011937409868779768,37,7
1DCNN,911,KR,core,60,expanding,Shock,0.7789628662400526,0.43872573419853494,0.038023951091743356,0.5687515701313537,,,,,10,TRUE,0.011937409868779768,37,7
1DCNN,911,KR,core,60,expanding,Recovery,0.3030672889059563,0.21806659556310112,0.022310998361299836,0.21319335191496266,,,,,10,TRUE,0.011937409868779768,37,7
1DCNN,911,JP,core,22,expanding,Full Test,0.30696256632368357,0.2175035767985466,0.017002338833094127,0.22357694366874023,,,,,10,TRUE,0.013427031862828369,32,7
1DCNN,911,JP,core,22,expanding,Shock,0.5232746108190659,0.3767117943082537,0.024321105,0.3024013148112586,,,,,10,TRUE,0.013427031862828369,32,7
1DCNN,911,JP,core,22,expanding,Recovery,0.2152562894234119,0.17504805212929136,0.015050667982307699,0.16847891290410483,,,,,10,TRUE,0.013427031862828369,32,7
1DCNN,gfc,US,core,252,expanding,Full Test,0.5211914786034613,0.29082795465461464,0.021613736794570706,0.32243443537291056,,,,,10,TRUE,0.020648996,26,25
1DCNN,gfc,US,core,252,expanding,Pre-Lehman,0.26534708451431827,0.1759711101703846,0.019152755,0.2380180610361679,,,,,10,TRUE,0.020648996,26,25
1DCNN,gfc,US,core,252,expanding,Lehman Crisis,0.9295121197046707,0.6129567792018255,0.032744921,0.32866522946819937,,,,,10,TRUE,0.020648996,26,25
1DCNN,gfc,US,core,252,expanding,Recovery,0.30816974277915415,0.2139408051967621,0.013622683288383744,0.1958763784996993,,,,,10,TRUE,0.020648996,26,25
1DCNN,gfc,KR,core,60,expanding,Full Test,0.39157175476866685,0.20720652237250992,0.013857593607137913,0.26643871551204207,,,,,10,TRUE,0.013220137650478126,36,24
1DCNN,gfc,KR,core,60,expanding,Pre-Lehman,0.20368501555174837,0.14939263159578497,0.013989795300016672,0.17826021972614323,,,,,10,TRUE,0.013220137650478126,36,24
1DCNN,gfc,KR,core,60,expanding,Lehman Crisis,0.6874678720414815,0.3783120654397092,0.016137004,0.29522174277584945,,,,,10,TRUE,0.013220137650478126,36,24
1DCNN,gfc,KR,core,60,expanding,Recovery,0.2585304822479451,0.15356109589338302,0.010041020478173693,0.19485727394546296,,,,,10,TRUE,0.013220137650478126,36,24
1DCNN,gfc,JP,core,60,expanding,Full Test,0.29375850474075565,0.18861528734366098,0.014857483270920667,0.21606879148263095,,,,,10,TRUE,0.014377240916581251,28,24
1DCNN,gfc,JP,core,60,expanding,Pre-Lehman,0.20036632273765617,0.14352943040834007,0.014854763808811353,0.18612285538712534,,,,,10,TRUE,0.014377240916581251,28,24
1DCNN,gfc,JP,core,60,expanding,Lehman Crisis,0.48489943368873456,0.3287561755431326,0.017501343,0.22793701311084885,,,,,10,TRUE,0.014377240916581251,28,24
1DCNN,gfc,JP,core,60,expanding,Recovery,0.17875701426470425,0.1433259511922861,0.010952980633123692,0.14403915815470872,,,,,10,TRUE,0.014377240916581251,28,24
1DCNN,covid,US,core,252,expanding,Full Test,0.4050733435048257,0.20971402123330102,0.022959387813938886,0.35331764031599766,,,,,10,TRUE,0.018640977837443333,41,13
1DCNN,covid,US,core,252,expanding,Pre-crash,0.099952799,0.078297644,0.024163353783994156,0.20749133234169626,,,,,10,TRUE,0.018640977837443333,41,13
1DCNN,covid,US,core,252,expanding,Crash,1.2277724588885628,0.9445613963263375,0.067354016,0.34182443800981405,,,,,10,TRUE,0.018640977837443333,41,13
1DCNN,covid,US,core,252,expanding,Recovery,0.21271233848073362,0.1532961999376615,0.017884252,0.2126682672393159,,,,,10,TRUE,0.018640977837443333,41,13
1DCNN,covid,KR,core,22,expanding,Full Test,0.385705058,0.1994341757268675,0.027480063563510976,0.37822541309053426,,,,,10,TRUE,0.019399769114483174,14,13
1DCNN,covid,KR,core,22,expanding,Pre-crash,0.1652078635238014,0.1079675453049796,0.020396333,0.2118942973149122,,,,,10,TRUE,0.019399769114483174,14,13
1DCNN,covid,KR,core,22,expanding,Crash,1.0223225568476269,0.596742761,0.036634881,0.5203225280827655,,,,,10,TRUE,0.019399769114483174,14,13
1DCNN,covid,KR,core,22,expanding,Recovery,0.2699466784295917,0.17265215376392007,0.027770060533567637,0.2811405305275225,,,,,10,TRUE,0.019399769114483174,14,13
1DCNN,covid,JP,core,60,expanding,Full Test,0.2241576151160176,0.13589531352289586,0.019810508,0.2575396309728338,,,,,10,TRUE,0.017875126,54,12
1DCNN,covid,JP,core,60,expanding,Pre-crash,0.11288587860241629,0.094619361,0.021482059407268883,0.21033809001417147,,,,,10,TRUE,0.017875126,54,12
1DCNN,covid,JP,core,60,expanding,Crash,0.5138297438711595,0.33129898184224177,0.020472878,0.2244756744160911,,,,,10,TRUE,0.017875126,54,12
1DCNN,covid,JP,core,60,expanding,Recovery,0.1872519728165327,0.12325787656409766,0.01944628,0.2386379334955779,,,,,10,TRUE,0.017875126,54,12
TCN,normal,US,core,252,static,Full Test,0.164659109,0.103826728,0.022292825,0.28143033,0.026614098,0.028448158,27,27,10,TRUE,,,
TCN,normal,KR,core,22,static,Full Test,0.097070817,0.072355885,0.013846021,0.182597214,0.013907605,0.011545299,18,18,10,TRUE,,,
TCN,normal,JP,core,60,static,Full Test,0.181955339,0.123683945,0.024458177,0.267368694,0.014647236,0.033244229,21,21,10,TRUE,,,
TCN,911,US,core,22,static,Full Test,0.271614672,0.197402581,0.028548944,0.257943827,0.014948044,0.026542878,18,18,10,TRUE,,,
TCN,911,US,core,22,static,Shock,0.439098877,0.333882971,0.031305421,0.278631266,0.014948044,0.026542878,18,18,10,TRUE,,,
TCN,911,US,core,22,static,Recovery,0.216151588,0.166384311,0.027922473,0.231387261,0.014948044,0.026542878,18,18,10,TRUE,,,
TCN,911,KR,core,22,static,Full Test,0.462197704,0.265609882,0.030136607,0.327510555,0.012416391,0.032985706,17,17,10,TRUE,,,
TCN,911,KR,core,22,static,Shock,0.922347862,0.574163128,0.099121391,0.673442622,0.012416391,0.032985706,17,17,10,TRUE,,,
TCN,911,KR,core,22,static,Recovery,0.236248255,0.189179262,0.013048632,0.166189356,0.012416391,0.032985706,17,17,10,TRUE,,,
TCN,911,JP,core,22,static,Full Test,0.252724465,0.203020556,0.016455479,0.184072489,0.014956555,0.040312912,15,15,10,TRUE,,,
TCN,911,JP,core,22,static,Shock,0.322849777,0.251750997,0.016584551,0.186575452,0.014956555,0.040312912,15,15,10,TRUE,,,
TCN,911,JP,core,22,static,Recovery,0.230448192,0.190025771,0.01642106,0.18036946,0.014956555,0.040312912,15,15,10,TRUE,,,
TCN,gfc,US,core,252,static,Full Test,0.558843871,0.304423885,0.024268798,0.345728039,0.017130244,0.012901872,21,21,10,TRUE,,,
TCN,gfc,US,core,252,static,Pre-Lehman,0.250789484,0.170797792,0.018719426,0.224959799,0.017130244,0.012901872,21,21,10,TRUE,,,
TCN,gfc,US,core,252,static,Lehman Crisis,1.014569433,0.660624209,0.039566574,0.358740557,0.017130244,0.012901872,21,21,10,TRUE,,,
TCN,gfc,US,core,252,static,Recovery,0.345009084,0.242825704,0.020953035,0.219291905,0.017130244,0.012901872,21,21,10,TRUE,,,
TCN,gfc,KR,core,22,static,Full Test,0.589551016,0.24279189,0.014518879,0.401150526,0.01556511,0.017710696,17,17,10,TRUE,,,
TCN,gfc,KR,core,22,static,Pre-Lehman,0.175139897,0.135290673,0.012370408,0.15327822,0.01556511,0.017710696,17,17,10,TRUE,,,
TCN,gfc,KR,core,22,static,Lehman Crisis,1.137054951,0.555218123,0.022784461,0.488289501,0.01556511,0.017710696,17,17,10,TRUE,,,
TCN,gfc,KR,core,22,static,Recovery,0.206275492,0.151498632,0.009712514,0.155472112,0.01556511,0.017710696,17,17,10,TRUE,,,
TCN,gfc,JP,core,252,static,Full Test,0.361409093,0.20998324,0.016885172,0.265827967,0.012093517,0.014316144,21,21,10,TRUE,,,
TCN,gfc,JP,core,252,static,Pre-Lehman,0.205731595,0.149599248,0.016696448,0.191106726,0.012093517,0.014316144,21,21,10,TRUE,,,
TCN,gfc,JP,core,252,static,Lehman Crisis,0.641675833,0.404074493,0.021375751,0.301633004,0.012093517,0.014316144,21,21,10,TRUE,,,
TCN,gfc,JP,core,252,static,Recovery,0.178926057,0.139852885,0.010915698,0.14417537,0.012093517,0.014316144,21,21,10,TRUE,,,
TCN,covid,US,core,22,static,Full Test,0.479083717,0.225016353,0.026131083,0.417871803,0.017088718,0.011580865,7,7,10,TRUE,,,
TCN,covid,US,core,22,static,Pre-crash,0.102047409,0.084172109,0.025195776,0.211839518,0.017088718,0.011580865,7,7,10,TRUE,,,
TCN,covid,US,core,22,static,Crash,1.489314416,1.097616528,0.079310784,0.4146404,0.017088718,0.011580865,7,7,10,TRUE,,,
TCN,covid,US,core,22,static,Recovery,0.2279617,0.155250441,0.020485052,0.22791447,0.017088718,0.011580865,7,7,10,TRUE,,,
TCN,covid,KR,core,252,static,Full Test,0.308524591,0.181991243,0.027948221,0.30254164,0.013592097,0.01101622,3,3,10,TRUE,,,
TCN,covid,KR,core,252,static,Pre-crash,0.157505153,0.100227094,0.016335746,0.202014862,0.013592097,0.01101622,3,3,10,TRUE,,,
TCN,covid,KR,core,252,static,Crash,0.689551497,0.468519625,0.043153126,0.350954966,0.013592097,0.01101622,3,3,10,TRUE,,,
TCN,covid,KR,core,252,static,Recovery,0.257725415,0.165557124,0.028402042,0.268412489,0.013592097,0.01101622,3,3,10,TRUE,,,
TCN,covid,JP,core,252,static,Full Test,0.21682883,0.133297585,0.018124197,0.249119428,0.017300362,0.010657069,30,30,10,TRUE,,,
TCN,covid,JP,core,252,static,Pre-crash,0.113993457,0.086454509,0.01804443,0.212401819,0.017300362,0.010657069,30,30,10,TRUE,,,
TCN,covid,JP,core,252,static,Crash,0.498029223,0.328505993,0.01987922,0.217572936,0.017300362,0.010657069,30,30,10,TRUE,,,
TCN,covid,JP,core,252,static,Recovery,0.180323197,0.121667809,0.017959073,0.229807753,0.017300362,0.010657069,30,30,10,TRUE,,,
TCN,normal,US,core,60,expanding,Full Test,0.15696210081139855,0.093286331,0.018729884327882432,0.2682748380380744,,,,,10,TRUE,0.016902028,44,76
TCN,normal,KR,core,252,expanding,Full Test,0.10077155554737773,0.074884036,0.015213071948452492,0.1895585704448022,,,,,10,TRUE,0.014710481084510549,20,74
TCN,normal,JP,core,22,expanding,Full Test,0.16651142512324965,0.1030245524767327,0.017151841,0.2446751080170138,,,,,10,TRUE,0.015668444313093315,28,73
TCN,911,US,core,22,expanding,Full Test,0.28683839235676306,0.19993552918787355,0.029196320148744567,0.272401311,,,,,10,TRUE,0.021848607350537765,21,7
TCN,911,US,core,22,expanding,Shock,0.4995843393414714,0.35645235538482667,0.037798934,0.31701246464136246,,,,,10,TRUE,0.021848607350537765,21,7
TCN,911,US,core,22,expanding,Recovery,0.21036078848759093,0.1643635232340206,0.027241180636248755,0.22518829033993595,,,,,10,TRUE,0.021848607350537765,21,7
TCN,911,KR,core,60,expanding,Full Test,0.39306836751999796,0.24107650974217584,0.020397208,0.2785259166645488,,,,,10,TRUE,0.011206172602197728,42,7
TCN,911,KR,core,60,expanding,Shock,0.7415801316030897,0.44294812502684416,0.048894978,0.5414569583571074,,,,,10,TRUE,0.011206172602197728,42,7
TCN,911,KR,core,60,expanding,Recovery,0.23780269705512563,0.19107161421294605,0.013338127212357453,0.1672828310261242,,,,,10,TRUE,0.011206172602197728,42,7
TCN,911,JP,core,22,expanding,Full Test,0.2629581709072146,0.20067667378518814,0.017730064416014057,0.19152623353481932,,,,,10,TRUE,0.014561565568080229,22,7
TCN,911,JP,core,22,expanding,Shock,0.379782515,0.2830180121319635,0.026547481713590608,0.21947698100796564,,,,,10,TRUE,0.014561565568080229,22,7
TCN,911,JP,core,22,expanding,Recovery,0.22163843816310416,0.1787189835593814,0.015378753136660312,0.17347415594455604,,,,,10,TRUE,0.014561565568080229,22,7
TCN,gfc,US,core,252,expanding,Full Test,0.6286846592875485,0.32914385637634785,0.023697675,0.3889349528279972,,,,,10,TRUE,0.023362846,26,25
TCN,gfc,US,core,252,expanding,Pre-Lehman,0.25129256173270065,0.1736505452819932,0.018751906610708392,0.2254110626687569,,,,,10,TRUE,0.023362846,26,25
TCN,gfc,US,core,252,expanding,Lehman Crisis,1.174852429468444,0.7717140903075536,0.040637108,0.41541485596250405,,,,,10,TRUE,0.023362846,26,25
TCN,gfc,US,core,252,expanding,Recovery,0.3041132103478177,0.21534609347581862,0.015784182,0.19329799791388627,,,,,10,TRUE,0.023362846,26,25
TCN,gfc,KR,core,60,expanding,Full Test,0.5097055248058431,0.22884636544021944,0.013650224426907736,0.34682094319824297,,,,,10,TRUE,0.013202698887826467,35,24
TCN,gfc,KR,core,60,expanding,Pre-Lehman,0.17376982722410134,0.13613074226812882,0.011422901,0.152079167,,,,,10,TRUE,0.013202698887826467,35,24
TCN,gfc,KR,core,60,expanding,Lehman Crisis,0.9724416662686739,0.5027173515093528,0.022659143,0.4175990400993841,,,,,10,TRUE,0.013202698887826467,35,24
TCN,gfc,KR,core,60,expanding,Recovery,0.19350490151276847,0.1435966156423092,0.008018493,0.14584677704542925,,,,,10,TRUE,0.013202698887826467,35,24
TCN,gfc,JP,core,60,expanding,Full Test,0.3611145910486943,0.20353497908665583,0.015574292542979774,0.2656113508730381,,,,,10,TRUE,0.015587745290539648,43,24
TCN,gfc,JP,core,60,expanding,Pre-Lehman,0.20039413928512118,0.14708379502761235,0.015286660718359902,0.1861486945359926,,,,,10,TRUE,0.015587745290539648,43,24
TCN,gfc,JP,core,60,expanding,Lehman Crisis,0.6469804668297874,0.3920721213022868,0.020566161131735764,0.3041265567757055,,,,,10,TRUE,0.015587745290539648,43,24
TCN,gfc,JP,core,60,expanding,Recovery,0.1685189784840983,0.12747970339539763,0.009218461,0.13578953471440802,,,,,10,TRUE,0.015587745290539648,43,24
TCN,covid,US,core,252,expanding,Full Test,0.34009827081055877,0.18656890755218844,0.018994744,0.29664434958531466,,,,,10,TRUE,0.018642171200757618,32,13
TCN,covid,US,core,252,expanding,Pre-crash,0.094615623,0.076507241,0.023803971096670373,0.19641192428006363,,,,,10,TRUE,0.018642171200757618,32,13
TCN,covid,US,core,252,expanding,Crash,0.9170804090912582,0.7209038507370722,0.032075383,0.2553245865534457,,,,,10,TRUE,0.018642171200757618,32,13
TCN,covid,US,core,252,expanding,Recovery,0.2361836845793363,0.14818934785823026,0.016687367,0.23613475037901502,,,,,10,TRUE,0.018642171200757618,32,13
TCN,covid,KR,core,22,expanding,Full Test,0.3107115781871591,0.18358682240209273,0.026963955171436998,0.30468621720349526,,,,,10,TRUE,0.016340228025818776,19,13
TCN,covid,KR,core,22,expanding,Pre-crash,0.1538321538010288,0.1034581857068198,0.016004724790686917,0.19730390211972196,,,,,10,TRUE,0.016340228025818776,19,13
TCN,covid,KR,core,22,expanding,Crash,0.6885169258886112,0.42799533832640874,0.027047286926992514,0.35042840941592585,,,,,10,TRUE,0.016340228025818776,19,13
TCN,covid,KR,core,22,expanding,Recovery,0.2617938868941206,0.1714614237037798,0.028952617132164012,0.27264966799534857,,,,,10,TRUE,0.016340228025818776,19,13
TCN,covid,JP,core,60,expanding,Full Test,0.23902950996739186,0.13981629588774272,0.018655047645981488,0.27462627917752386,,,,,10,TRUE,0.016752539953475348,28,12
TCN,covid,JP,core,60,expanding,Pre-crash,0.12191555909602544,0.09803782,0.022465567101199034,0.22716292029390245,,,,,10,TRUE,0.016752539953475348,28,12
TCN,covid,JP,core,60,expanding,Crash,0.5563267574532642,0.34707146569302205,0.021316101329531722,0.24304125162974638,,,,,10,TRUE,0.016752539953475348,28,12
TCN,covid,JP,core,60,expanding,Recovery,0.19711867095872135,0.1260573790278486,0.01770716,0.25121226539531993,,,,,10,TRUE,0.016752539953475348,28,12
LSTM,normal,US,core,60,static,Full Test,0.1698264565276123,0.0942893901098266,0.0187011807880955,0.2902622026846415,0.0252809748922359,0.0274435378714159,37.0,37.0,10,True,,,
LSTM,normal,KR,core,22,static,Full Test,0.0977915763520973,0.0721483627315295,0.0137882757579631,0.1839530144608318,0.0127182061740274,0.0104102227897917,68.0,68.0,10,True,,,
LSTM,normal,JP,core,22,static,Full Test,0.1624021787084033,0.0992914569092123,0.0153184086151034,0.2386369018718389,0.0136135455464212,0.0297224227685918,27.0,27.0,10,True,,,
LSTM,911,US,core,252,static,Full Test,0.294022744616783,0.1906887021329668,0.0290026224995766,0.279224061665734,0.0160193141150658,0.0269424561411142,31.0,31.0,10,True,,,
LSTM,911,US,core,252,static,Shock,0.5242931707688107,0.3646632623672485,0.0416104298318711,0.3326915140677593,0.0160193141150658,0.0269424561411142,31.0,31.0,10,True,,,
LSTM,911,US,core,252,static,Recovery,0.2088623364508477,0.1511490293524482,0.0261372117422369,0.2235842183323312,0.0160193141150658,0.0269424561411142,31.0,31.0,10,True,,,
LSTM,911,KR,core,60,static,Full Test,0.400711612259581,0.1988567411899566,0.0238802276408637,0.2839418746079861,0.0093007235089581,0.0221933722496032,93.0,93.0,10,True,,,
LSTM,911,KR,core,60,static,Shock,0.7704474203191334,0.3179255326588948,0.0722232796225063,0.5625341065682076,0.0093007235089581,0.0221933722496032,93.0,93.0,10,True,,,
LSTM,911,KR,core,60,static,Recovery,0.2308854742371044,0.1693626368811371,0.011905343205044,0.1624168953989566,0.0093007235089581,0.0221933722496032,93.0,93.0,10,True,,,
LSTM,911,JP,core,60,static,Full Test,0.2243204399466693,0.1779981309309938,0.0131810813805884,0.1633843467180903,0.0101867448226422,0.0283181071281433,22.0,22.0,10,True,,,
LSTM,911,JP,core,60,static,Shock,0.2879018230375593,0.2177489016737256,0.0127864313103101,0.1663789681804758,0.0101867448226422,0.0283181071281433,22.0,22.0,10,True,,,
LSTM,911,JP,core,60,static,Recovery,0.2040463504445461,0.1673979253995986,0.0132863213993292,0.159705007444991,0.0101867448226422,0.0283181071281433,22.0,22.0,10,True,,,
LSTM,gfc,US,core,60,static,Full Test,0.5278710884843415,0.2888960482294268,0.0267443390267575,0.326566767402252,0.0152051868941531,0.0125964934941366,45.0,45.0,10,True,,,
LSTM,gfc,US,core,60,static,Pre-Lehman,0.2484079769691622,0.1656111623078268,0.0191201955035685,0.2228235713700732,0.0152051868941531,0.0125964934941366,45.0,45.0,10,True,,,
LSTM,gfc,US,core,60,static,Lehman Crisis,0.9581786657420548,0.6407765462994576,0.0497441246328289,0.3388014038458191,0.0152051868941531,0.0125964934941366,45.0,45.0,10,True,,,
LSTM,gfc,US,core,60,static,Recovery,0.2947715278960526,0.1971955850720405,0.0192150683309313,0.1873603126913066,0.0152051868941531,0.0125964934941366,45.0,45.0,10,True,,,
LSTM,gfc,KR,core,252,static,Full Test,0.4080460492276225,0.2199473905890991,0.015673360118516,0.2776483847518586,0.0117511915843614,0.0137732107072107,85.0,85.0,10,True,,,
LSTM,gfc,KR,core,252,static,Pre-Lehman,0.1938978346662901,0.1431543210419741,0.0118862235040949,0.1696947147457435,0.0117511915843614,0.0137732107072107,85.0,85.0,10,True,,,
LSTM,gfc,KR,core,252,static,Lehman Crisis,0.7251720829637546,0.4515738760010671,0.028891602305032,0.3114131944947598,0.0117511915843614,0.0137732107072107,85.0,85.0,10,True,,,
LSTM,gfc,KR,core,252,static,Recovery,0.2820249947399064,0.1422745011746883,0.0091947350054775,0.212565346962828,0.0117511915843614,0.0137732107072107,85.0,85.0,10,True,,,
LSTM,gfc,JP,core,252,static,Full Test,0.3900670673945578,0.2099655264208459,0.0185917372429212,0.2869068247862135,0.0107267779982897,0.013304858174371,64.0,64.0,10,True,,,
LSTM,gfc,JP,core,252,static,Pre-Lehman,0.1956335690002772,0.1433561960712667,0.0144735869626732,0.1817265395421796,0.0107267779982897,0.013304858174371,64.0,64.0,10,True,,,
LSTM,gfc,JP,core,252,static,Lehman Crisis,0.7138429078226336,0.4212340001474347,0.0341210999448379,0.3355566307876971,0.0107267779982897,0.013304858174371,64.0,64.0,10,True,,,
LSTM,gfc,JP,core,252,static,Recovery,0.1807139618888485,0.1367990134598372,0.0104148577573394,0.1456160310371188,0.0107267779982897,0.013304858174371,64.0,64.0,10,True,,,
LSTM,covid,US,core,252,static,Full Test,0.4387101147103266,0.2334538690385318,0.0303053415265533,0.3826566842712193,0.0140445930749243,0.0094234248264187,89.0,89.0,10,True,,,
LSTM,covid,US,core,252,static,Pre-crash,0.0939682264612109,0.073928672501019,0.0213226916954584,0.1950679983924547,0.0140445930749243,0.0094234248264187,89.0,89.0,10,True,,,
LSTM,covid,US,core,252,static,Crash,1.1462744850768676,0.856040222304208,0.0560344254728893,0.319134566694131,0.0140445930749243,0.0094234248264187,89.0,89.0,10,True,,,
LSTM,covid,US,core,252,static,Recovery,0.3213724474360286,0.1944386006022493,0.0291286851787161,0.3213058632274345,0.0140445930749243,0.0094234248264187,89.0,89.0,10,True,,,
LSTM,covid,KR,core,22,static,Full Test,0.269286469340823,0.1628350152844382,0.0224618368421868,0.2640644296754152,0.0127011510778648,0.010367649603559,29.0,29.0,10,True,,,
LSTM,covid,KR,core,22,static,Pre-crash,0.1366886105967513,0.0907066089766366,0.0117868962304346,0.1753157293822004,0.0127011510778648,0.010367649603559,29.0,29.0,10,True,,,
LSTM,covid,KR,core,22,static,Crash,0.5115295591916116,0.34742728301457,0.0214280545066484,0.2603487046674957,0.0127011510778648,0.010367649603559,29.0,29.0,10,True,,,
LSTM,covid,KR,core,22,static,Recovery,0.2482745223240892,0.1557936434013148,0.0245208595008202,0.2585696972777057,0.0127011510778648,0.010367649603559,29.0,29.0,10,True,,,
LSTM,covid,JP,core,60,static,Full Test,0.2238458262033012,0.1337376574383062,0.0174435788530268,0.2571814098101004,0.0170642614982808,0.0104391931373018,25.0,25.0,10,True,,,
LSTM,covid,JP,core,60,static,Pre-crash,0.112993047740821,0.0883368782021782,0.0183122967520443,0.2105377762119457,0.0170642614982808,0.0104391931373018,25.0,25.0,10,True,,,
LSTM,covid,JP,core,60,static,Crash,0.5353460594175659,0.3551003744727687,0.0195515192604919,0.2338754600471075,0.0170642614982808,0.0104391931373018,25.0,25.0,10,True,,,
LSTM,covid,JP,core,60,static,Recovery,0.1804834787551979,0.1191803138422709,0.0170741242379225,0.2300120193790063,0.0170642614982808,0.0104391931373018,25.0,25.0,10,True,,,
LSTM,normal,US,core,60,expanding,Full Test,0.16428112895242886,0.08895571701496482,0.017292292756766785,0.2807842978311127,,,,,10,True,0.015166675376274056,24.0,76.0
LSTM,normal,KR,core,22,expanding,Full Test,0.09844959564255142,0.0729245015221127,0.014238899277646547,0.1851907962470318,,,,,10,True,0.01423064667192041,16.0,74.0
LSTM,normal,JP,core,22,expanding,Full Test,0.1674019687927228,0.10068168301288395,0.015654215168426085,0.24598369010596613,,,,,10,True,0.014297812119308903,44.0,73.0
LSTM,911,US,core,252,expanding,Full Test,0.44236139748884734,0.2688189274734921,0.0698826197839874,0.4200965686921749,,,,,10,True,0.01845404776759356,27.0,7.0
LSTM,911,US,core,252,expanding,Shock,0.9075133797772664,0.6738283514976502,0.23971699909377503,0.5758648351496115,,,,,10,True,0.01845404776759356,27.0,7.0
LSTM,911,US,core,252,expanding,Recovery,0.23017332296553641,0.17677133110436527,0.031283897213581095,0.24639733218878204,,,,,10,True,0.01845404776759356,27.0,7.0
LSTM,911,KR,core,60,expanding,Full Test,0.41819273478327373,0.21329632445293314,0.028482889540213968,0.296328894469077,,,,,10,True,0.010579650724522528,83.0,7.0
LSTM,911,KR,core,60,expanding,Shock,0.7931424496587146,0.335244357585907,0.08441472025705343,0.5791046443056074,,,,,10,True,0.010579650724522528,83.0,7.0
LSTM,911,KR,core,60,expanding,Recovery,0.2497587588109355,0.18308901349338916,0.014628215876409691,0.17569334900259365,,,,,10,True,0.010579650724522528,83.0,7.0
LSTM,911,JP,core,60,expanding,Full Test,0.23433610830245424,0.17761987940709395,0.013373809523366994,0.170679283513168,,,,,10,True,0.0106610714690357,26.0,7.0
LSTM,911,JP,core,60,expanding,Shock,0.3236229324750038,0.23593810200691223,0.015601388719945708,0.18702225993791816,,,,,10,True,0.0106610714690357,26.0,7.0
LSTM,911,JP,core,60,expanding,Recovery,0.20403065320968616,0.16206835338047573,0.012779788404279338,0.1596927213785913,,,,,10,True,0.0106610714690357,26.0,7.0
LSTM,gfc,US,core,60,expanding,Full Test,0.4977125192543642,0.27313307958113237,0.02243411041617622,0.30790920748324,,,,,10,True,0.025221186198164592,47.0,25.0
LSTM,gfc,US,core,60,expanding,Pre-Lehman,0.23844445764672242,0.16282222275177918,0.01710223943616318,0.21388622971974297,,,,,10,True,0.025221186198164592,47.0,25.0
LSTM,gfc,US,core,60,expanding,Lehman Crisis,0.9025193808164143,0.58578898559014,0.04081848648438226,0.31912089483004236,,,,,10,True,0.025221186198164592,47.0,25.0
LSTM,gfc,US,core,60,expanding,Recovery,0.2695493066013236,0.1943738766014576,0.013719039905663265,0.17132876682838263,,,,,10,True,0.025221186198164592,47.0,25.0
LSTM,gfc,KR,core,252,expanding,Full Test,0.4374110224892925,0.2138452454928868,0.015414308779734131,0.29762930947792077,,,,,10,True,0.014389395383401836,59.0,24.0
LSTM,gfc,KR,core,252,expanding,Pre-Lehman,0.1721599962370582,0.12939532962712375,0.010457069924189662,0.1506702821223147,,,,,10,True,0.014389395383401836,59.0,24.0
LSTM,gfc,KR,core,252,expanding,Lehman Crisis,0.80398496839349,0.4588355816016763,0.03138633738768981,0.34525808868692925,,,,,10,True,0.014389395383401836,59.0,24.0
LSTM,gfc,KR,core,252,expanding,Recovery,0.27553030401130035,0.14278108552098273,0.008896075148933601,0.2076702269773969,,,,,10,True,0.014389395383401836,59.0,24.0
LSTM,gfc,JP,core,252,expanding,Full Test,0.3806867108332763,0.20512913269364935,0.017186975245533323,0.2800072720135681,,,,,10,True,0.017704977336849458,71.0,24.0
LSTM,gfc,JP,core,252,expanding,Pre-Lehman,0.18984189751196595,0.14045368893482194,0.013509361039961004,0.17634658137286147,,,,,10,True,0.017704977336849458,71.0,24.0
LSTM,gfc,JP,core,252,expanding,Lehman Crisis,0.6990194150026191,0.41626409062168057,0.03197467739774143,0.3285885412365075,,,,,10,True,0.017704977336849458,71.0,24.0
LSTM,gfc,JP,core,252,expanding,Recovery,0.1665929286274299,0.12520332382870958,0.008523353032439914,0.13423755869232198,,,,,10,True,0.017704977336849458,71.0,24.0
LSTM,covid,US,core,252,expanding,Full Test,0.41087148565669585,0.2035908730880868,0.02088977802228993,0.35837496125839896,,,,,10,True,0.01819917046771706,25.0,13.0
LSTM,covid,US,core,252,expanding,Pre-crash,0.08645416147516881,0.06696898468903133,0.017494685350140822,0.17946960229818437,,,,,10,True,0.01819917046771706,25.0,13.0
LSTM,covid,US,core,252,expanding,Crash,1.2297636883721448,0.891827248391651,0.05215611773480442,0.3423788167094227,,,,,10,True,0.01819917046771706,25.0,13.0
LSTM,covid,US,core,252,expanding,Recovery,0.22645270719818883,0.15322005127867064,0.018088919217927504,0.22640578913034232,,,,,10,True,0.01819917046771706,25.0,13.0
LSTM,covid,KR,core,22,expanding,Full Test,0.2572046953661963,0.16465170320964628,0.02370435362598245,0.25221694709715325,,,,,10,True,0.01527714254168786,29.0,13.0
LSTM,covid,KR,core,22,expanding,Pre-crash,0.15346142029235393,0.10841475895472935,0.01653042094487767,0.19682840225769246,,,,,10,True,0.01527714254168786,29.0,13.0
LSTM,covid,KR,core,22,expanding,Crash,0.4641499313108571,0.3162388375827244,0.018757578104468504,0.23623431181427298,,,,,10,True,0.01527714254168786,29.0,13.0
LSTM,covid,KR,core,22,expanding,Recovery,0.23998538065694358,0.1583233866840601,0.0255531553436411,0.24993683059649202,,,,,10,True,0.01527714254168786,29.0,13.0
LSTM,covid,JP,core,60,expanding,Full Test,0.24479769453340353,0.1396339786778979,0.01805101534535615,0.2812534737242938,,,,,10,True,0.016177655588399998,37.0,12.0
LSTM,covid,JP,core,60,expanding,Pre-crash,0.11583457633065167,0.09074715818419601,0.01870231147585337,0.21583234187157677,,,,,10,True,0.016177655588399998,37.0,12.0
LSTM,covid,JP,core,60,expanding,Crash,0.603146845895887,0.376125715280834,0.019971466786323378,0.2634954410859607,,,,,10,True,0.016177655588399998,37.0,12.0
LSTM,covid,JP,core,60,expanding,Recovery,0.19271194478424505,0.12414968878992143,0.01773928765887881,0.24559623896878796,,,,,10,True,0.016177655588399998,37.0,12.0
TST,normal,US,core,22,static,Full Test,0.1760232217408965,0.1093065363619124,0.0353729259708219,0.3008535248914671,0.028788858297241,0.0295967786156907,26.0,26.0,10,True,,,
TST,normal,KR,core,60,static,Full Test,0.1001872408372999,0.0757216982619237,0.0145479446018694,0.1884594322948493,0.0131389731214711,0.010826098557073,22.0,22.0,10,True,,,
TST,normal,JP,core,252,static,Full Test,0.1713774493596532,0.1120391314160333,0.019978122442083,0.2518253381274954,0.0146089838344533,0.0307851794895976,30.0,30.0,10,True,,,
TST,911,US,core,22,static,Full Test,0.2533651947201651,0.1764584247712735,0.0246952471058774,0.2406128779142615,0.0132402436720555,0.023057609796524,39.0,39.0,10,True,,,
TST,911,US,core,22,static,Shock,0.4162579163289299,0.2965867805480957,0.0258083754036719,0.2641374790808178,0.0132402436720555,0.023057609796524,39.0,39.0,10,True,,,
TST,911,US,core,22,static,Recovery,0.198503792801908,0.1491565257310867,0.0244422634018332,0.212495541818581,0.0132402436720555,0.023057609796524,39.0,39.0,10,True,,,
TST,911,KR,core,22,static,Full Test,0.4177806610221638,0.245129797826795,0.0272887732920661,0.2960369014431037,0.0130379599832543,0.0310699809342622,14.0,14.0,10,True,,,
TST,911,KR,core,22,static,Shock,0.7704461065339505,0.3647449281480577,0.0734877119054771,0.56253314732173,0.0130379599832543,0.0310699809342622,14.0,14.0,10,True,,,
TST,911,KR,core,22,static,Recovery,0.2659702352026671,0.2155003618756565,0.0158449995070927,0.1870973477776512,0.0130379599832543,0.0310699809342622,14.0,14.0,10,True,,,
TST,911,JP,core,60,static,Full Test,0.2318799500838276,0.1827765990020637,0.013683155394596,0.1688903346056053,0.0119504938920895,0.0347537063062191,19.0,19.0,10,True,,,
TST,911,JP,core,60,static,Shock,0.2776298265011327,0.2134527947221483,0.0132965259588452,0.1604427633768643,0.0119504938920895,0.0347537063062191,19.0,19.0,10,True,,,
TST,911,JP,core,60,static,Recovery,0.2180649186999891,0.1745962801433745,0.0137862565774629,0.1706771985316044,0.0119504938920895,0.0347537063062191,19.0,19.0,10,True,,,
TST,gfc,US,core,252,static,Full Test,0.6028640971215624,0.3090848770324241,0.0298234869225392,0.3729610953786986,0.01872116729312,0.0139341899657629,27.0,27.0,10,True,,,
TST,gfc,US,core,252,static,Pre-Lehman,0.243060617206337,0.1646632683782611,0.0182450766225447,0.218026954875341,0.01872116729312,0.0139341899657629,27.0,27.0,10,True,,,
TST,gfc,US,core,252,static,Lehman Crisis,1.1327204692147248,0.7361961891253789,0.0694894554530627,0.4005174596927994,0.01872116729312,0.0139341899657629,27.0,27.0,10,True,,,
TST,gfc,US,core,252,static,Recovery,0.2464271746219487,0.1793093495070934,0.0112831605629847,0.156632062880527,0.01872116729312,0.0139341899657629,27.0,27.0,10,True,,,
TST,gfc,KR,core,22,static,Full Test,0.3683148802202448,0.1989957305266035,0.0133448338134701,0.2506139485158448,0.0144880643153773,0.0168621603760027,36.0,36.0,10,True,,,
TST,gfc,KR,core,22,static,Pre-Lehman,0.1751841380230427,0.1319320677627216,0.0111561795751784,0.1533169381750063,0.0144880643153773,0.0168621603760027,36.0,36.0,10,True,,,
TST,gfc,KR,core,22,static,Lehman Crisis,0.6657599357140511,0.3896531139389943,0.0218203297955999,0.285899627437397,0.0144880643153773,0.0168621603760027,36.0,36.0,10,True,,,
TST,gfc,KR,core,22,static,Recovery,0.2068733747285893,0.1483074307441711,0.0083669761839564,0.1559227426530341,0.0144880643153773,0.0168621603760027,36.0,36.0,10,True,,,
TST,gfc,JP,core,252,static,Full Test,0.4370569627008496,0.2245724878759465,0.0226029108006413,0.3214693982159972,0.0116634955552415,0.0145164708746408,46.0,46.0,10,True,,,
TST,gfc,JP,core,252,static,Pre-Lehman,0.1970795326425326,0.1485896880876286,0.0141232835799542,0.1830697137752812,0.0116634955552415,0.0145164708746408,46.0,46.0,10,True,,,
TST,gfc,JP,core,252,static,Lehman Crisis,0.8179278279115009,0.4644414019166377,0.0514014204102238,0.3844839013651405,0.0116634955552415,0.0145164708746408,46.0,46.0,10,True,,,
TST,gfc,JP,core,252,static,Recovery,0.1754897447589301,0.1427826091840669,0.0104707893024322,0.1414064516787582,0.0116634955552415,0.0145164708746408,46.0,46.0,10,True,,,
TST,covid,US,core,252,static,Full Test,0.4006435820800496,0.2051860479217383,0.0218088221114389,0.3494538638447471,0.0162899501523106,0.0106009405861836,31.0,31.0,10,True,,,
TST,covid,US,core,252,static,Pre-crash,0.0879928892014422,0.0708829006978443,0.0175129961607241,0.1826638366573805,0.0162899501523106,0.0106009405861836,31.0,31.0,10,True,,,
TST,covid,US,core,252,static,Crash,1.1715576385836448,0.8454584961845761,0.0485435120007399,0.3261736557989587,0.0162899501523106,0.0106009405861836,31.0,31.0,10,True,,,
TST,covid,US,core,252,static,Recovery,0.2362169277502968,0.1596385934390127,0.0196678086770623,0.2361679866624211,0.0162899501523106,0.0106009405861836,31.0,31.0,10,True,,,
TST,covid,KR,core,22,static,Full Test,0.2553822353350591,0.1592106940525193,0.0205002516231126,0.2504298284576371,0.0124130928738559,0.0100224295250919,32.0,32.0,10,True,,,
TST,covid,KR,core,22,static,Pre-crash,0.1216598766960096,0.0839025667735508,0.0083989352923945,0.1560399943081756,0.0124130928738559,0.0100224295250919,32.0,32.0,10,True,,,
TST,covid,KR,core,22,static,Crash,0.3776740181822947,0.2940044658524649,0.0171047109234795,0.1922214262177111,0.0124130928738559,0.0100224295250919,32.0,32.0,10,True,,,
TST,covid,KR,core,22,static,Recovery,0.2567946551032756,0.1581956692971289,0.0230776080099221,0.2674431335564564,0.0124130928738559,0.0100224295250919,32.0,32.0,10,True,,,
TST,covid,JP,core,60,static,Full Test,0.232672226173587,0.1484068823712212,0.0207014380006827,0.2673222555270282,0.0192814992584916,0.010820369130959,20.0,20.0,10,True,,,
TST,covid,JP,core,60,static,Pre-crash,0.1218843640569019,0.09752173315395,0.0221514452283195,0.2271047951764972,0.0192814992584916,0.010820369130959,20.0,20.0,10,True,,,
TST,covid,JP,core,60,static,Crash,0.4267888734855995,0.324710444400185,0.0174005365977556,0.1864503200752545,0.0192814992584916,0.010820369130959,20.0,20.0,10,True,,,
TST,covid,JP,core,60,static,Recovery,0.2191551149669626,0.139425389068101,0.0207813675068311,0.2792959826487032,0.0192814992584916,0.010820369130959,20.0,20.0,10,True,,,
TST,911,JP,core,60,expanding,Full Test,0.235960582713068,0.1886289854695026,0.0138135335626577,0.1718624734641216,,,,,10,True,0.0118079266603844,32.0,7.0
TST,911,JP,core,60,expanding,Shock,0.3143104870700855,0.2474622854164668,0.0166167059162019,0.181640581415149,,,,,10,True,0.0118079266603844,32.0,7.0
TST,911,JP,core,60,expanding,Recovery,0.2101913740955424,0.1729401054836455,0.0130660209350459,0.1645146550853134,,,,,10,True,0.0118079266603844,32.0,7.0
TST,911,KR,core,22,expanding,Full Test,0.3983901105339391,0.2195293636006467,0.024456640011307,0.282296872237909,,,,,10,True,0.013392734426656,29.0,7.0
TST,911,KR,core,22,expanding,Shock,0.7111030481320589,0.2934666761645564,0.0502958889734146,0.5192044353827564,,,,,10,True,0.013392734426656,29.0,7.0
TST,911,KR,core,22,expanding,Recovery,0.2697632803032407,0.2012146164517884,0.018056092103262,0.1897655737081865,,,,,10,True,0.013392734426656,29.0,7.0
TST,911,US,core,22,expanding,Full Test,0.2607204972175356,0.1801141083240509,0.0250548819457171,0.2475979750732337,,,,,10,True,0.0235984697595462,14.0,7.0
TST,911,US,core,22,expanding,Shock,0.4105076330456519,0.2887711095809936,0.0247866373181397,0.2604886227567368,,,,,10,True,0.0235984697595462,14.0,7.0
TST,911,US,core,22,expanding,Recovery,0.2124261596980097,0.1554193353111093,0.0251158466338029,0.2273992414165857,,,,,10,True,0.0235984697595462,14.0,7.0
TST,covid,JP,core,60,expanding,Full Test,0.2450015128184527,0.1428793464012506,0.0199255586837861,0.2814876450500814,,,,,10,True,0.0175324267921288,40.0,12.0
TST,covid,JP,core,60,expanding,Pre-crash,0.1239593982678122,0.1008598420656088,0.0224521102664233,0.230971166577779,,,,,10,True,0.0175324267921288,40.0,12.0
TST,covid,JP,core,60,expanding,Crash,0.5803836556578519,0.3385207370707863,0.0170816783493193,0.2535509360402855,,,,,10,True,0.0175324267921288,40.0,12.0
TST,covid,JP,core,60,expanding,Recovery,0.1991783132636619,0.1303495465106861,0.0197678034371616,0.2538371177586789,,,,,10,True,0.0175324267921288,40.0,12.0
TST,covid,KR,core,22,expanding,Full Test,0.2571583909135874,0.1673023245267329,0.0228642208340813,0.2521715405867574,,,,,10,True,0.0141475591348321,30.0,13.0
TST,covid,KR,core,22,expanding,Pre-crash,0.1408354520966273,0.1053160905838012,0.0148730807357391,0.1806344354470965,,,,,10,True,0.0141475591348321,30.0,13.0
TST,covid,KR,core,22,expanding,Crash,0.4121733212151194,0.3227797775041489,0.0203255041240744,0.2097802333191456,,,,,10,True,0.0141475591348321,30.0,13.0
TST,covid,KR,core,22,expanding,Recovery,0.2514387038797526,0.161596552003175,0.0245986112213319,0.2618650876356079,,,,,10,True,0.0141475591348321,30.0,13.0
TST,covid,US,core,252,expanding,Full Test,0.4021861281126475,0.2004307122119973,0.0200410542941898,0.3507993207429984,,,,,10,True,0.0183190079480678,34.0,13.0
TST,covid,US,core,252,expanding,Pre-crash,0.0885179669954463,0.0638889657599585,0.0170660489011061,0.1837538420574397,,,,,10,True,0.0183190079480678,34.0,13.0
TST,covid,US,core,252,expanding,Crash,1.1855556386868435,0.8138506242207119,0.0512613604274714,0.3300708425161691,,,,,10,True,0.0183190079480678,34.0,13.0
TST,covid,US,core,252,expanding,Recovery,0.2318886155095919,0.1582283318663636,0.0171686520023097,0.2318405711919508,,,,,10,True,0.0183190079480678,34.0,13.0
TST,gfc,JP,core,252,expanding,Full Test,0.4284696581213597,0.2285982984253484,0.0220673752895781,0.3151531605832482,,,,,10,True,0.0215622931203454,95.0,24.0
TST,gfc,JP,core,252,expanding,Pre-Lehman,0.1949812986893837,0.1482838413775612,0.0140301099502196,0.1811206372573595,,,,,10,True,0.0215622931203454,95.0,24.0
TST,gfc,JP,core,252,expanding,Lehman Crisis,0.7980499619011546,0.4765427447201913,0.0487027440112191,0.375139899102757,,,,,10,True,0.0215622931203454,95.0,24.0
TST,gfc,JP,core,252,expanding,Recovery,0.1901029346780101,0.1504351519919061,0.0115464722341913,0.1531814949270318,,,,,10,True,0.0215622931203454,95.0,24.0
TST,gfc,KR,core,22,expanding,Full Test,0.3636262943922682,0.1968611048467567,0.0129815814400469,0.2474236755445165,,,,,10,True,0.0139682591800781,42.0,24.0
TST,gfc,KR,core,22,expanding,Pre-Lehman,0.1778309253229569,0.1360290560939095,0.0115480190054201,0.1556333426703148,,,,,10,True,0.0139682591800781,42.0,24.0
TST,gfc,KR,core,22,expanding,Lehman Crisis,0.6497682667710117,0.3739083904331013,0.0198393525980592,0.2790322688781687,,,,,10,True,0.0139682591800781,42.0,24.0
TST,gfc,KR,core,22,expanding,Recovery,0.2243316981558907,0.1448265261948108,0.0077942398510083,0.1690812734426048,,,,,10,True,0.0139682591800781,42.0,24.0
TST,gfc,US,core,252,expanding,Full Test,0.582177783819144,0.3089225231120305,0.0290243071401424,0.3601635343604626,,,,,10,True,0.0280609591177937,80.0,25.0
TST,gfc,US,core,252,expanding,Pre-Lehman,0.2589834284409681,0.1798004921881133,0.0210355126677652,0.2323098201393356,,,,,10,True,0.0280609591177937,80.0,25.0
TST,gfc,US,core,252,expanding,Lehman Crisis,1.0782548312328533,0.6932206869125366,0.0595403083543448,0.3812590110658667,,,,,10,True,0.0280609591177937,80.0,25.0
TST,gfc,US,core,252,expanding,Recovery,0.2551016451074164,0.1892444618046283,0.011510665764873,0.1621456601882082,,,,,10,True,0.0280609591177937,80.0,25.0
TST,normal,JP,core,252,expanding,Full Test,0.1668413842804479,0.1071413821961781,0.0181438195027832,0.2451599563832382,,,,,10,True,0.0223197269758754,23.0,73.0
TST,normal,KR,core,60,expanding,Full Test,0.0969055480775378,0.0717755939899864,0.0136751847186802,0.1822863313161006,,,,,10,True,0.0123449532323782,49.0,74.0
TST,normal,US,core,22,expanding,Full Test,0.165179156931694,0.0951559494600473,0.0199031168437624,0.2823191798787255,,,,,10,True,0.015237677788,31.0,76.0
