source_branch,regime,country,feature_set,L,val_qlike,val_mse,val_rmse,val_rmse_cv,best_epoch,epochs_used,is_best_L
CNNBased_GH,normal,US,core,22,0.02710153056705542,0.02867114529558439,0.1693255580345352,0.263221490661393,24,34,False
CNNBased_GH,normal,US,core,60,0.026873751290704538,0.028905221835338314,0.1700153596567098,0.26429380728835145,23,33,False
CNNBased_GH,normal,US,core,252,0.026614098205541153,0.02844815791065514,0.1686658179228949,0.2621959055243893,27,37,True
CNNBased_GH,normal,US,momentum,22,0.027509549509551836,0.028808872366375603,0.16973176704376716,0.26385295434691836,21,31,False
CNNBased_GH,normal,US,momentum,60,0.0266764971698444,0.02855473238857014,0.16898145343363616,0.2626865700797427,26,36,True
CNNBased_GH,normal,US,momentum,252,0.027474431923462387,0.02868931049944855,0.16937919328398512,0.2633048682121661,14,24,False
CNNBased_GH,normal,US,extended,22,0.028978348010559724,0.027647602000078667,0.16627568181023838,0.2584803696197106,17,27,False
CNNBased_GH,normal,US,extended,60,0.030713169023767854,0.02887427278982085,0.16992431539649255,0.26415227634542277,16,26,False
CNNBased_GH,normal,US,extended,252,0.028395045405252634,0.027317654970930264,0.1652805344307985,0.25693338415759553,22,32,True
CNNBased_GH,normal,KR,core,22,0.013907604923016823,0.011545299239395583,0.10744905434573566,0.17951538038464068,18,28,True
CNNBased_GH,normal,KR,core,60,0.01454286355278843,0.01195719814477641,0.10934897376759654,0.18268958009995961,20,30,False
CNNBased_GH,normal,KR,core,252,0.014547739980648105,0.012075646368206525,0.10988924727056953,0.18359221627473565,18,28,False
CNNBased_GH,normal,KR,momentum,22,0.013727960135126855,0.01109170473226514,0.1053171632729726,0.17595362510260482,16,26,False
CNNBased_GH,normal,KR,momentum,60,0.013464405957590022,0.010642545839741092,0.10316271650181112,0.17235418596376365,30,40,True
CNNBased_GH,normal,KR,momentum,252,0.014338862023068378,0.011417638991394492,0.10685335468156969,0.17852014359583032,22,32,False
CNNBased_GH,normal,KR,extended,22,0.01881383396794299,0.014400082609814699,0.12000034460894456,0.20048484967999702,14,24,False
CNNBased_GH,normal,KR,extended,60,0.0186489771669139,0.014264257640012951,0.11943306594405068,0.19953709591955124,14,24,True
CNNBased_GH,normal,KR,extended,252,0.018763356893860078,0.0145923645678358,0.12079885877957242,0.20181892912774674,24,34,False
CNNBased_GH,normal,JP,core,22,0.014803281772934225,0.03408289920945882,0.18461554493368834,0.2187912392322457,24,34,False
CNNBased_GH,normal,JP,core,60,0.014647235674424225,0.033244229476099556,0.18233000094431462,0.21608259949156458,21,31,True
CNNBased_GH,normal,JP,core,252,0.01483684621141344,0.03344654467575222,0.18288396436448826,0.21673911161372988,28,38,False
CNNBased_GH,normal,JP,momentum,22,0.015540570944253205,0.032982081612232726,0.18160969424741927,0.2152289509274763,19,29,False
CNNBased_GH,normal,JP,momentum,60,0.015707156527595953,0.0326680353718248,0.1807430089121017,0.21420182637733803,29,39,False
CNNBased_GH,normal,JP,momentum,252,0.015259044540853726,0.03151133491352261,0.1775143223937773,0.2103754512760952,25,35,True
CNNBased_GH,normal,JP,extended,22,0.017169768625762263,0.03837605235487343,0.19589806881498098,0.2321623634381845,13,23,False
CNNBased_GH,normal,JP,extended,60,0.017888496144714224,0.03741491610855467,0.19342935669967876,0.22923664782085312,11,21,False
CNNBased_GH,normal,JP,extended,252,0.016848089580680074,0.0341694740963127,0.18484986854117438,0.21906894040026842,18,28,True
CNNBased_GH,911,US,core,22,0.01494804443009978,0.02654287777841091,0.16291984495252454,0.1820877491002169,18,28,True
CNNBased_GH,911,US,core,60,0.01568637354573547,0.026295393705368042,0.16215853362976057,0.18123686770411077,29,39,False
CNNBased_GH,911,US,core,252,0.017870833153027725,0.031078621745109558,0.17629129281202974,0.19703237934865422,22,32,False
CNNBased_GH,911,US,momentum,22,0.021384684288893466,0.03875601664185524,0.1968654812646385,0.22002716961494062,8,18,False
CNNBased_GH,911,US,momentum,60,0.020280910239433722,0.03643656149506569,0.1908836322089028,0.21334154190437185,26,36,True
CNNBased_GH,911,US,momentum,252,0.022530765141743,0.04023586958646774,0.20058879433927418,0.22418853925749943,12,22,False
CNNBased_GH,911,US,extended,22,0.021898066199845682,0.036492399871349335,0.19102982775056285,0.2135049376964383,10,20,True
CNNBased_GH,911,US,extended,60,0.023170632485342173,0.040223654359579086,0.2005583505755275,0.2241545137131197,12,22,False
CNNBased_GH,911,US,extended,252,0.025853533332075376,0.04214828088879585,0.2053004709421604,0.2294545557293277,8,18,False
CNNBased_GH,911,KR,core,22,0.012416391395991768,0.03298570588231087,0.1816196756871784,0.1664015072447249,17,27,True
CNNBased_GH,911,KR,core,60,0.013208025345434938,0.034603726118803024,0.1860207692645224,0.17043382699215423,27,37,False
CNNBased_GH,911,KR,core,252,0.018793201551163815,0.04578360542654991,0.21397105146710835,0.1960421156801956,10,20,False
CNNBased_GH,911,KR,momentum,22,0.023640855601221665,0.06100400164723396,0.246989887465268,0.2262942569020733,2,12,False
CNNBased_GH,911,KR,momentum,60,0.0235002377058138,0.056615475565195084,0.23794007416024773,0.21800274020080737,3,13,True
CNNBased_GH,911,KR,momentum,252,0.02891201660515574,0.08017919212579727,0.2831593076499993,0.2594329904238398,5,15,False
CNNBased_GH,911,KR,extended,22,0.030078221208759946,0.07812101393938065,0.2795013769153586,0.2560815628577571,34,44,False
CNNBased_GH,911,KR,extended,60,0.03183938496849887,0.08280754089355469,0.2877630012899714,0.26365093408928153,4,14,False
CNNBased_GH,911,KR,extended,252,0.02782992370062822,0.06883427500724792,0.26236287560290933,0.24037912071035827,8,18,True
CNNBased_GH,911,JP,core,22,0.014956554786912112,0.040312912315130234,0.2007807529661342,0.1676915365101046,15,25,True
CNNBased_GH,911,JP,core,60,0.018072652040024537,0.04675418138504028,0.21622714725171968,0.18059232283063217,16,26,False
CNNBased_GH,911,JP,core,252,0.04933670461617859,0.11565672606229782,0.34008339583834113,0.28403672337718877,12,22,False
CNNBased_GH,911,JP,momentum,22,0.025267620662647063,0.06058451533317566,0.2461392119994713,0.20557479761289507,5,15,True
CNNBased_GH,911,JP,momentum,60,0.030404031213960007,0.06814631819725037,0.2610484820265153,0.2180269792196687,14,24,False
CNNBased_GH,911,JP,momentum,252,0.07256196680796125,0.13781148195266724,0.37122968240047044,0.31005001684794514,8,18,False
CNNBased_GH,911,JP,extended,22,0.016237741253328764,0.047788355499506,0.2186054711098191,0.18257869242130007,11,21,True
CNNBased_GH,911,JP,extended,60,0.01625171915023676,0.046942874789237976,0.2166630400455441,0.1809563793015352,10,20,False
CNNBased_GH,911,JP,extended,252,0.028045923240721884,0.07455552369356155,0.27304856576429626,0.22804941638314435,9,19,False
CNNBased_GH,gfc,US,core,22,0.017448912251645476,0.013873095331023414,0.11778410631597525,0.20807459248557364,19,29,False
CNNBased_GH,gfc,US,core,60,0.017316401805096505,0.014193504766757745,0.11913649601748677,0.21046369187109515,34,44,False
CNNBased_GH,gfc,US,core,252,0.01713024356538663,0.012901872069949648,0.11358640881851481,0.200659040222362,21,31,True
CNNBased_GH,gfc,US,momentum,22,0.019874229754741617,0.015922361591541433,0.1261838406447596,0.22291336277568566,30,40,False
CNNBased_GH,gfc,US,momentum,60,0.01787764387186344,0.013151091167265438,0.11467820592395456,0.2025877829440826,39,49,True
CNNBased_GH,gfc,US,momentum,252,0.01838127422028142,0.013766173429163803,0.11732933830317525,0.20727121016262268,30,40,False
CNNBased_GH,gfc,US,extended,22,0.021731849863923815,0.015963331848175166,0.12634607815912957,0.22319996769840625,51,61,False
CNNBased_GH,gfc,US,extended,60,0.022349703624656426,0.015916388949371904,0.12616017316575373,0.22287155237186007,41,51,False
CNNBased_GH,gfc,US,extended,252,0.02131003085613045,0.016246602488347733,0.1274621633424769,0.22517161715916786,46,56,True
CNNBased_GH,gfc,KR,core,22,0.01556510973279074,0.017710696184827436,0.13308153553326982,0.18403074950147882,17,27,True
CNNBased_GH,gfc,KR,core,60,0.016775374347857835,0.018977254989647096,0.13775795778009642,0.19049750304185814,14,24,False
CNNBased_GH,gfc,KR,core,252,0.015959915681935284,0.018455231982854106,0.13585003381849714,0.18785914547228255,25,35,False
CNNBased_GH,gfc,KR,momentum,22,0.012523677096946626,0.014363020778663697,0.11984581892178023,0.16572784340379054,5,15,True
CNNBased_GH,gfc,KR,momentum,60,0.01389613633916462,0.016296206102255854,0.12765659337990154,0.1765289111248323,5,15,False
CNNBased_GH,gfc,KR,momentum,252,0.013449333103797518,0.015199999174764079,0.12328827226298072,0.1704882127966326,11,21,False
CNNBased_GH,gfc,KR,extended,22,0.02145551730679675,0.026286892713077607,0.16213232959679658,0.22420341044727474,25,35,True
CNNBased_GH,gfc,KR,extended,60,0.025302622774356496,0.029784757163255446,0.17258260814269005,0.2386544955327727,15,25,False
CNNBased_GH,gfc,KR,extended,252,0.03088483144664276,0.03459539192338144,0.1859983659517667,0.25720637017745224,19,29,False
CNNBased_GH,gfc,JP,core,22,0.012270636217526226,0.014638788711566191,0.12099086293273492,0.17294704272554767,16,26,False
CNNBased_GH,gfc,JP,core,60,0.012928491739216624,0.014489918743610865,0.1203740770826691,0.17206539525086895,9,19,False
CNNBased_GH,gfc,JP,core,252,0.012093517182418289,0.014316143686713478,0.11965008767677955,0.17103050861829044,21,31,True
CNNBased_GH,gfc,JP,momentum,22,0.013109912237031526,0.014765326717966482,0.12151266279895476,0.17369291511268387,8,18,True
CNNBased_GH,gfc,JP,momentum,60,0.013114594493369503,0.014842344199114966,0.12182915802653743,0.17414532046231432,11,21,False
CNNBased_GH,gfc,JP,momentum,252,0.015291325483010024,0.01645557483590325,0.12827928532815527,0.18336527653981005,25,35,False
CNNBased_GH,gfc,JP,extended,22,0.0476611997998323,0.054081537885221874,0.2325543787826104,0.33241842489948575,32,42,True
CNNBased_GH,gfc,JP,extended,60,0.061482303888089965,0.07787029837307177,0.27905250675492665,0.39888388791182056,10,20,False
CNNBased_GH,gfc,JP,extended,252,0.058348858059722765,0.0747600734716485,0.2734228865200078,0.39083678296771907,25,35,False
CNNBased_GH,covid,US,core,22,0.01708871848094635,0.011580864608990979,0.10761442697400717,0.19651440835618156,7,17,True
CNNBased_GH,covid,US,core,60,0.018647847971699435,0.011561647794362771,0.10752510314354675,0.19635129435568352,10,20,False
CNNBased_GH,covid,US,core,252,0.018455756186009656,0.012193719332805839,0.11042517525861244,0.2016471080482105,13,23,False
CNNBased_GH,covid,US,momentum,22,0.01634360680322526,0.011025259998742955,0.10500123865563918,0.19174247237373745,15,25,True
CNNBased_GH,covid,US,momentum,60,0.01749206187815313,0.010830606339521796,0.10407020026273277,0.19004230573173986,11,21,False
CNNBased_GH,covid,US,momentum,252,0.0172612414364252,0.010923201027494597,0.1045141170044344,0.19085294086968443,11,21,False
CNNBased_GH,covid,US,extended,22,0.021850591033476006,0.012849021815212375,0.11335352659673868,0.20699456235198993,9,19,False
CNNBased_GH,covid,US,extended,60,0.02007124634492152,0.013453886978866824,0.11599089251219433,0.21181064897780738,33,43,True
CNNBased_GH,covid,US,extended,252,0.02129911897866682,0.013155494135875538,0.11469740165348967,0.209448608887459,17,27,False
CNNBased_GH,covid,KR,core,22,0.014075376518041458,0.011770201440216328,0.10849055824946391,0.1810512206244303,3,13,False
CNNBased_GH,covid,KR,core,60,0.014604634655183033,0.011881220078437912,0.10900100910123348,0.18190307124878743,2,12,False
CNNBased_GH,covid,KR,core,252,0.013592096508549752,0.01101622041694972,0.10495818448994211,0.17515632441242476,3,13,True
CNNBased_GH,covid,KR,momentum,22,0.013626945497647803,0.010519684452031339,0.10256551220477628,0.17116338489055943,6,16,True
CNNBased_GH,covid,KR,momentum,60,0.014759679879436273,0.011300322443855051,0.10630297481329017,0.1774005374891631,6,16,False
CNNBased_GH,covid,KR,momentum,252,0.01388490107455328,0.011152906563817238,0.10560732394870778,0.17623962136712162,6,16,False
CNNBased_GH,covid,KR,extended,22,0.017617679744783822,0.013264117526764773,0.11516995022974369,0.19219792399264402,12,22,False
CNNBased_GH,covid,KR,extended,60,0.016182918159247328,0.012993285018114411,0.11398809112793784,0.19022561380786257,20,30,True
CNNBased_GH,covid,KR,extended,252,0.016425938313697815,0.012791275366076401,0.11309852247962698,0.18874108379709822,19,29,False
CNNBased_GH,covid,JP,core,22,0.01783679534137075,0.010168798834818053,0.10084046263630969,0.19385327700043767,11,21,False
CNNBased_GH,covid,JP,core,60,0.017596728749330697,0.010643653971022267,0.10316808454097143,0.1983278412977479,20,30,False
CNNBased_GH,covid,JP,core,252,0.01730036168772716,0.010657069076507287,0.10323308203582594,0.19845279091663065,30,40,True
CNNBased_GH,covid,JP,momentum,22,0.020393092775433063,0.011736063364597045,0.10833311263507342,0.2082569669251473,18,28,False
CNNBased_GH,covid,JP,momentum,60,0.019922512942964314,0.01212274541135363,0.11010333778571142,0.21166000512537278,18,28,True
CNNBased_GH,covid,JP,momentum,252,0.020594316897704218,0.011808111550574771,0.10866513626692817,0.20889524115945704,11,21,False
CNNBased_GH,covid,JP,extended,22,0.02279864677563235,0.01202690315717309,0.10966723831261944,0.21082165800015237,13,23,False
CNNBased_GH,covid,JP,extended,60,0.02150896440821657,0.01195511866017989,0.10933946625770444,0.21019155689496802,11,21,True
CNNBased_GH,covid,JP,extended,252,0.02373190894077554,0.012991039698094006,0.11397824271776012,0.2191090290539116,18,28,False
LSTM_HS,normal,US,core,22,0.025800115961023672,0.027498613476105358,0.16582705805060272,0.2577829709745909,31,41,False
LSTM_HS,normal,US,core,60,0.025280974892235974,0.02744353787141591,0.16566091282505765,0.25752469340301887,37,47,True
LSTM_HS,normal,US,core,252,0.026680925199780173,0.027730490688396538,0.16652474622809482,0.2588675474805124,25,35,False
LSTM_HS,normal,US,momentum,22,0.02808609667537227,0.029330365702127045,0.17126110261381308,0.26623035084359414,44,54,False
LSTM_HS,normal,US,momentum,60,0.026830580335961824,0.028346457367711388,0.16836406125504597,0.2617268160328194,37,47,True
LSTM_HS,normal,US,momentum,252,0.027234440165185374,0.027990606775426346,0.1673039380109997,0.2600788237047756,37,47,False
LSTM_HS,normal,US,extended,22,0.03269957191920404,0.03097869569192762,0.1760076583489766,0.2736090093911851,23,33,False
LSTM_HS,normal,US,extended,60,0.031157675271434187,0.03089170458288532,0.17576036069467,0.27322457801556027,24,34,True
LSTM_HS,normal,US,extended,252,0.032317430822891416,0.03087508114489171,0.17571306506269116,0.2731510555840045,30,40,False
LSTM_HS,normal,KR,core,22,0.012718206174027401,0.010410222789791763,0.10203049880063214,0.17046258726572974,68,78,True
LSTM_HS,normal,KR,core,60,0.013549391004032588,0.011010250214059821,0.10492973964858723,0.17530635556891724,11,21,False
LSTM_HS,normal,KR,core,252,0.013064335171085361,0.010705018729032552,0.10346505941621147,0.17285931096105342,53,63,False
LSTM_HS,normal,KR,momentum,22,0.012726009598038098,0.010501956048070407,0.10247905141496404,0.1712119851424688,28,38,True
LSTM_HS,normal,KR,momentum,60,0.012811996328471097,0.01035233644280033,0.10174643244047174,0.16998799694933112,22,32,False
LSTM_HS,normal,KR,momentum,252,0.013214174539908754,0.010867309084803354,0.10424638688261126,0.17416467654281476,25,35,False
LSTM_HS,normal,KR,extended,22,0.015399766526815175,0.012594774640241608,0.11222644433976406,0.1874969767536907,9,19,True
LSTM_HS,normal,KR,extended,60,0.01579800034162207,0.012824906341609408,0.11324710349442729,0.18920219433339022,8,18,False
LSTM_HS,normal,KR,extended,252,0.016340407422590988,0.013313025587284174,0.11538208634053251,0.19276911504820685,8,18,False
LSTM_HS,normal,JP,core,22,0.013613545546421264,0.02972242276859187,0.17240192275871233,0.20431665350796516,27,37,True
LSTM_HS,normal,JP,core,60,0.013628477466254323,0.0278796503388206,0.1669720038115691,0.19788155782952246,49,59,False
LSTM_HS,normal,JP,core,252,0.013677599647484566,0.02927220973227671,0.17109122995138323,0.20276332762919733,56,66,False
LSTM_HS,normal,JP,momentum,22,0.014350886390151196,0.031541553359885934,0.17759941845754365,0.21047630016859725,33,43,False
LSTM_HS,normal,JP,momentum,60,0.014063980948126551,0.030711840219825867,0.17524794081766087,0.20768952125980242,35,45,False
LSTM_HS,normal,JP,momentum,252,0.013708557743541771,0.031271088642147386,0.17683633343833832,0.20957195423688568,41,51,True
LSTM_HS,normal,JP,extended,22,0.014643658381094929,0.031411172347030177,0.177231973302701,0.21004083423420486,28,38,False
LSTM_HS,normal,JP,extended,60,0.014857354664934054,0.029130248005995868,0.1706758576328373,0.20227106234162318,24,34,False
LSTM_HS,normal,JP,extended,252,0.014490838731264163,0.031120001560883966,0.17640862157001097,0.2090650651244911,33,43,True
LSTM_HS,911,US,core,22,0.016251488826862632,0.027071092277765274,0.16453294364064153,0.18389063265489577,10,20,False
LSTM_HS,911,US,core,60,0.016026083567905955,0.027080923318862915,0.1645628195846638,0.1839240235742208,13,23,False
LSTM_HS,911,US,core,252,0.01601931411506581,0.026942456141114235,0.16414156640555072,0.1834532089646908,31,41,True
LSTM_HS,911,US,momentum,22,0.016701873109773484,0.02805892750620842,0.16750799001769287,0.1872157002574576,11,21,True
LSTM_HS,911,US,momentum,60,0.01792281948149689,0.030105888843536377,0.17351048280365794,0.19392440048182355,11,21,False
LSTM_HS,911,US,momentum,252,0.02872658499396589,0.05061198025941849,0.22497105793948485,0.25143943369718086,21,31,False
LSTM_HS,911,US,extended,22,0.022739616079873688,0.039553601294755936,0.19888087277152217,0.22227967668767373,20,30,False
LSTM_HS,911,US,extended,60,0.021316159003361597,0.03435320779681206,0.18534617811921764,0.20715259327610383,11,21,True
LSTM_HS,911,US,extended,252,0.027727260074359508,0.04471587762236595,0.2114612860920393,0.23634020531726382,10,20,False
LSTM_HS,911,KR,core,22,0.014614732902019194,0.03516098111867905,0.1875126207822242,0.1718006741698713,18,28,False
LSTM_HS,911,KR,core,60,0.00930072350895816,0.02219337224960327,0.14897440743472912,0.13649163200096343,93,100,True
LSTM_HS,911,KR,core,252,0.023068173831585354,0.05677076801657677,0.23826617290140625,0.21830151466912462,11,21,False
LSTM_HS,911,KR,momentum,22,0.01619882455673603,0.03887621685862541,0.19717053579559904,0.18064933888081972,17,27,True
LSTM_HS,911,KR,momentum,60,0.018038294989451448,0.04372053220868111,0.20909456106245058,0.19157423327522347,13,23,False
LSTM_HS,911,KR,momentum,252,0.024969385836632278,0.06039704382419586,0.2457581096021265,0.22516569144107956,13,23,False
LSTM_HS,911,KR,extended,22,0.01092864439924377,0.02655220963060856,0.16294849831408445,0.14929481412262188,82,92,True
LSTM_HS,911,KR,extended,60,0.014907584570791634,0.035501629114151,0.18841877032289553,0.17263089616419167,65,75,False
LSTM_HS,911,KR,extended,252,0.030084993485828253,0.06935559958219528,0.26335451548134053,0.24128766968662194,10,20,False
LSTM_HS,911,JP,core,22,0.010598438749997299,0.02959020435810089,0.1720180284626098,0.14366898756077187,22,32,False
LSTM_HS,911,JP,core,60,0.010186744822642292,0.02831810712814331,0.16827984354336678,0.1405468657258543,22,32,True
LSTM_HS,911,JP,core,252,0.010251197593895284,0.02829301357269287,0.16820527306337876,0.14048458466463326,86,96,False
LSTM_HS,911,JP,momentum,22,0.01119061445906103,0.03135841712355614,0.1770830723143589,0.14789929835223567,19,29,True
LSTM_HS,911,JP,momentum,60,0.011475289165203208,0.03208909183740616,0.17913428219999217,0.14961246324650507,18,28,False
LSTM_HS,911,JP,momentum,252,0.01772718392889432,0.05276695638895035,0.22971059189547163,0.19185365897145779,30,40,False
LSTM_HS,911,JP,extended,22,0.011228441821332206,0.03129950538277626,0.17691665059752315,0.14776030338886115,26,36,True
LSTM_HS,911,JP,extended,60,0.011572868987753287,0.03196917846798897,0.17879925630600652,0.14933265053486233,22,32,False
LSTM_HS,911,JP,extended,252,0.014398710768017365,0.03930516541004181,0.1982553057541296,0.16558228989607462,26,36,False
LSTM_HS,gfc,US,core,22,0.015320790295631416,0.012576023484042204,0.11214287279898814,0.19810892392572443,50,60,False
LSTM_HS,gfc,US,core,60,0.015205186894153188,0.012596493494136638,0.11223410110350758,0.1982700856722432,45,55,True
LSTM_HS,gfc,US,core,252,0.016776004031922656,0.012732960951636988,0.11284042221763692,0.19934119808871317,34,44,False
LSTM_HS,gfc,US,momentum,22,0.017613095458243373,0.013021184265079252,0.11411040528014374,0.201584719871574,48,58,False
LSTM_HS,gfc,US,momentum,60,0.016414478537172907,0.01324134609435659,0.11507104689459997,0.20328176643162887,73,83,True
LSTM_HS,gfc,US,momentum,252,0.018851280385776215,0.01507245798955163,0.1227699396601801,0.2168824467347144,51,61,False
LSTM_HS,gfc,US,extended,22,0.017548491541412633,0.012492260149869311,0.11176877913913501,0.19744805899020793,66,76,False
LSTM_HS,gfc,US,extended,60,0.01864331728220765,0.014407186460981805,0.12002994435193222,0.21204203638557434,57,67,False
LSTM_HS,gfc,US,extended,252,0.015956584366841733,0.010387208657821573,0.1019176571389048,0.18004530186247858,96,100,True
LSTM_HS,gfc,KR,core,22,0.0132227894139229,0.015016201883554459,0.12254061156148374,0.16945431610527006,52,62,False
LSTM_HS,gfc,KR,core,60,0.015660851534919532,0.017883406291084904,0.13372885480624533,0.1849258898415349,16,26,False
LSTM_HS,gfc,KR,core,252,0.011751191584361475,0.013773210707210725,0.11735932291874841,0.16228941205990227,85,95,True
LSTM_HS,gfc,KR,momentum,22,0.015552418372934532,0.01791630877602485,0.13385181761734008,0.18509592799292757,10,20,True
LSTM_HS,gfc,KR,momentum,60,0.016128239431370695,0.018724849988375942,0.1368387722136418,0.18922641454676561,10,20,False
LSTM_HS,gfc,KR,momentum,252,0.01703538251825826,0.018242717750610843,0.1350656048644938,0.18677440409356733,22,32,False
LSTM_HS,gfc,KR,extended,22,0.013788005651971129,0.016677333342452205,0.12914075125564226,0.17858126711213457,31,41,True
LSTM_HS,gfc,KR,extended,60,0.013921749638700149,0.01722209864566403,0.1312329926232226,0.1814745065496789,34,44,False
LSTM_HS,gfc,KR,extended,252,0.014348330137221652,0.017218010680329417,0.13121741647394872,0.18145296719477338,20,30,False
LSTM_HS,gfc,JP,core,22,0.012256730237387275,0.014702723003350772,0.12125478455136762,0.17332429818391432,40,50,False
LSTM_HS,gfc,JP,core,60,0.01087339386451266,0.013607359061447473,0.11665058612815109,0.16674295408804138,46,56,False
LSTM_HS,gfc,JP,core,252,0.0107267779982897,0.013304858174371091,0.1153466854316198,0.16487912929989818,64,74,True
LSTM_HS,gfc,JP,momentum,22,0.012671922970588214,0.014962219908411204,0.12232015381610215,0.17484716081403676,99,100,True
LSTM_HS,gfc,JP,momentum,60,0.013945416454221201,0.016657291304486,0.1290631262706334,0.18448571629602672,18,28,False
LSTM_HS,gfc,JP,momentum,252,0.012784624770306521,0.015181827536116728,0.12321456174615085,0.1761256474926399,34,44,False
LSTM_HS,gfc,JP,extended,22,0.014494305443927123,0.01653550373699501,0.1285904484473608,0.18381006005459308,19,29,False
LSTM_HS,gfc,JP,extended,60,0.012718561974958485,0.014835785497507827,0.1218022407681055,0.1741068443317104,27,37,True
LSTM_HS,gfc,JP,extended,252,0.059955877924303805,0.04232255838479591,0.20572447834306912,0.2940671657616843,31,41,False
LSTM_HS,covid,US,core,22,0.017092215687382863,0.010574571096364513,0.10283273253923449,0.187782569334111,15,25,False
LSTM_HS,covid,US,core,60,0.016592902737276656,0.010333257968571171,0.1016526343142662,0.18562759521955444,16,26,False
LSTM_HS,covid,US,core,252,0.014044593074924326,0.009423424826418779,0.09707432589715398,0.17726715884350752,89,99,True
LSTM_HS,covid,US,momentum,22,0.016812912015355144,0.010209349174815488,0.10104132298168282,0.1845112812807824,21,31,False
LSTM_HS,covid,US,momentum,60,0.016015807823755827,0.009730752899749092,0.09864458016135497,0.18013459582547242,25,35,True
LSTM_HS,covid,US,momentum,252,0.016866128705064334,0.011693467836767196,0.10813634020134674,0.19746747266147843,30,40,False
LSTM_HS,covid,US,extended,22,0.01755996128557609,0.010537974843119522,0.10265463783343799,0.1874573510829427,16,26,False
LSTM_HS,covid,US,extended,60,0.018090174561989407,0.010720588438901078,0.10354027390700939,0.18907460867479708,14,24,False
LSTM_HS,covid,US,extended,252,0.01749296856638864,0.011527153450142906,0.10736458030529648,0.19605816404338788,37,47,True
LSTM_HS,covid,KR,core,22,0.012701151077864833,0.010367649603559046,0.10182165472988415,0.1699220206098987,29,39,True
LSTM_HS,covid,KR,core,60,0.012806150780756725,0.01038014469858335,0.10188299512334896,0.17002438668939523,27,37,False
LSTM_HS,covid,KR,core,252,0.012809937962575988,0.010120061328824686,0.10059851521254874,0.16788082083933115,27,37,False
LSTM_HS,covid,KR,momentum,22,0.014273738660307551,0.01106541628132061,0.10519228157063179,0.1755469903181714,6,16,False
LSTM_HS,covid,KR,momentum,60,0.014765262009406914,0.011246904415287534,0.10605142129147367,0.17698073992417568,6,16,False
LSTM_HS,covid,KR,momentum,252,0.014098773754905765,0.010904114050980733,0.10442276460035593,0.17426280495671992,7,17,True
LSTM_HS,covid,KR,extended,22,0.012785879922770329,0.010058330048863985,0.1002912254489795,0.1673680095156796,18,28,True
LSTM_HS,covid,KR,extended,60,0.014014560821958061,0.010794940541441343,0.10389870328001141,0.17338824090929145,7,17,False
LSTM_HS,covid,KR,extended,252,0.013403314218703034,0.010686028592896704,0.10337325016775353,0.17251135421158967,5,15,False
LSTM_HS,covid,JP,core,22,0.017626990280552084,0.010658909254960684,0.10324199319926622,0.19846992152263562,26,36,False
LSTM_HS,covid,JP,core,60,0.01706426149828087,0.01043919313730181,0.10217237013743731,0.1964137039065126,25,35,True
LSTM_HS,covid,JP,core,252,0.017169479614554086,0.010363006886390962,0.1017988544672557,0.19569566637690644,18,28,False
LSTM_HS,covid,JP,momentum,22,0.018441423483333736,0.010579630584459923,0.10285733346897645,0.1977304609202412,16,26,False
LSTM_HS,covid,JP,momentum,60,0.018149053760296463,0.01072233507729225,0.10354870701482986,0.19905954077560117,22,32,True
LSTM_HS,covid,JP,momentum,252,0.018425701790059937,0.010870738708994753,0.10426283676927933,0.2004323666183666,20,30,False
LSTM_HS,covid,JP,extended,22,0.020969725946957573,0.012521296279762081,0.11189859725423307,0.21511116869543828,20,30,False
LSTM_HS,covid,JP,extended,60,0.02105478168148555,0.012254026100803245,0.11069790498500541,0.21280298679133164,19,29,False
LSTM_HS,covid,JP,extended,252,0.019477033061009636,0.011746161578371186,0.10837971076917263,0.20834654605599498,10,20,True
TST_JH,normal,US,core,22,0.028788858297241038,0.02959677861569074,0.17203714399926653,0.26743672968365284,26,36,True
TST_JH,normal,US,core,60,0.030503250018980015,0.03103414287223764,0.17616510159124005,0.2738537594773752,22,32,False
TST_JH,normal,US,core,252,0.030225807677649992,0.030514027956475617,0.17468264873398454,0.2715492435174015,33,43,False
TST_JH,normal,US,momentum,22,0.030929474710528017,0.03177849561520834,0.1782652386572387,0.2771184834536143,10,20,False
TST_JH,normal,US,momentum,60,0.0299243147939983,0.030776463161874195,0.17543221975897969,0.2727144734144474,6,16,True
TST_JH,normal,US,momentum,252,0.0317244633145625,0.03200978209290344,0.17891277587581866,0.27812509883945336,7,17,False
TST_JH,normal,US,extended,22,0.0301957989737243,0.030475759035778847,0.17457307529724891,0.27137890843220097,23,33,True
TST_JH,normal,US,extended,60,0.03144090799738261,0.03147933398016357,0.17742416272427358,0.2758110065233487,15,25,False
TST_JH,normal,US,extended,252,0.033099954033633236,0.03321005834318079,0.182236271563301,0.28329156927203497,10,20,False
TST_JH,normal,KR,core,22,0.014537819531174894,0.012139020999130166,0.11017722650957337,0.18407334384675048,7,17,False
TST_JH,normal,KR,core,60,0.013138973121471127,0.010826098557073073,0.10404853775058664,0.1738341295462829,22,32,True
TST_JH,normal,KR,core,252,0.014248960927935747,0.011889703090867548,0.10903991384088005,0.18217323297485935,15,25,False
TST_JH,normal,KR,momentum,22,0.013733314313453345,0.011180860723261951,0.10573958836762305,0.1766593716725671,10,20,False
TST_JH,normal,KR,momentum,60,0.012292704063233316,0.010034501491511454,0.10017235644295232,0.16735818458690854,47,57,True
TST_JH,normal,KR,momentum,252,0.013161381404077415,0.010977298998441852,0.10477260651073748,0.17504383287680153,27,37,False
TST_JH,normal,KR,extended,22,0.013807273887569891,0.011413204002759008,0.10683259677506637,0.17848546331404821,29,39,True
TST_JH,normal,KR,extended,60,0.014134181688353523,0.011621496227921033,0.10780303976028627,0.18010678462482316,28,38,False
TST_JH,normal,KR,extended,252,0.014083860065383064,0.011420410210419386,0.10686631735273798,0.17854180036014292,20,30,False
TST_JH,normal,JP,core,22,0.014797129715272255,0.030635763306608083,0.17503074706403207,0.2074321209930642,16,26,False
TST_JH,normal,JP,core,60,0.014777317051656002,0.032479476952842375,0.18022063155616966,0.21358274747424627,9,19,False
TST_JH,normal,JP,core,252,0.014608983834453384,0.03078517948959762,0.1754570598905988,0.207937352075629,30,40,True
TST_JH,normal,JP,momentum,22,0.014076047802932395,0.028913285304237958,0.1700390691441452,0.2015163927247184,40,50,True
TST_JH,normal,JP,momentum,60,0.015254459484422299,0.033689863497187736,0.183547987256909,0.21752605721770651,8,18,False
TST_JH,normal,JP,momentum,252,0.014088309817335594,0.02888130342308809,0.1699450007383318,0.20140491054650905,35,45,False
TST_JH,normal,JP,extended,22,0.014565820650659462,0.02914901080009667,0.17073081388559017,0.20233619199605007,33,43,True
TST_JH,normal,JP,extended,60,0.014990522859955733,0.030669785591091223,0.175127909497086,0.20754726995921616,28,38,False
TST_JH,normal,JP,extended,252,0.016270414163943075,0.03481471447296712,0.18658701486655274,0.22112766409763526,10,20,False
TST_JH,911,US,core,22,0.013240243672055584,0.023057609796524048,0.1518473192985487,0.16971251467880932,39,49,True
TST_JH,911,US,core,60,0.014225279777890685,0.024679837748408318,0.1570981737385588,0.1755811445324219,29,39,False
TST_JH,911,US,core,252,0.015313388564502562,0.026994986459612846,0.16430150647411448,0.1836319663596797,61,71,False
TST_JH,911,US,momentum,22,0.012864740427605591,0.02219437249004841,0.14897774882662987,0.16650533247047608,31,41,True
TST_JH,911,US,momentum,60,0.01705142318508267,0.02975529059767723,0.17249721277628213,0.19279191684504288,19,29,False
TST_JH,911,US,momentum,252,0.022972021927473323,0.03978829085826874,0.19947002099570305,0.22293813959045117,20,30,False
TST_JH,911,US,extended,22,0.014580255589421214,0.02649654634296894,0.16277759430786048,0.1819287623315855,19,29,True
TST_JH,911,US,extended,60,0.02094025694323253,0.03670305386185646,0.1915804089846693,0.21412029611176506,25,35,False
TST_JH,911,US,extended,252,0.027378577441551696,0.04599468410015106,0.21446370477719645,0.23969586564456166,6,16,False
TST_JH,911,KR,core,22,0.013037959983254388,0.031069980934262276,0.1762667955880248,0.16149715250876756,14,24,True
TST_JH,911,KR,core,60,0.013143440696879663,0.03129782900214195,0.17691192455449534,0.16208822521045452,17,27,False
TST_JH,911,KR,core,252,0.01933781677593608,0.04647595435380936,0.21558282911109436,0.19751884020515606,12,22,False
TST_JH,911,KR,momentum,22,0.012572553863565294,0.030173050239682198,0.173703920539113,0.15914902437008852,14,24,True
TST_JH,911,KR,momentum,60,0.013485970698775475,0.032411545515060425,0.18003206492709856,0.16494692462642835,13,23,False
TST_JH,911,KR,momentum,252,0.01993996983505391,0.04842763394117355,0.2200628032131253,0.2016234309670033,6,16,False
TST_JH,911,KR,extended,22,0.018144144845934684,0.04452681913971901,0.21101380129531241,0.1933326576656678,15,25,True
TST_JH,911,KR,extended,60,0.018333800294297323,0.044553857296705246,0.21107784657492148,0.19339133650108878,7,17,False
TST_JH,911,KR,extended,252,0.020989383589964616,0.05022982880473137,0.2241201246324684,0.20534078370976375,21,31,False
TST_JH,911,JP,core,22,0.012353678663754716,0.03583063930273056,0.18928982050843662,0.15809434110517376,17,27,False
TST_JH,911,JP,core,60,0.011950493892089508,0.0347537063062191,0.1864234553475717,0.15570036075136193,19,29,True
TST_JH,911,JP,core,252,0.012812415260586404,0.03760828822851181,0.19392856676517012,0.16196860930957352,28,38,False
TST_JH,911,JP,momentum,22,0.01236476886317179,0.035306137055158615,0.18789926738235252,0.15693295493211112,24,34,False
TST_JH,911,JP,momentum,60,0.011685211785513011,0.03358813747763634,0.18327067331991637,0.15306716581266108,22,32,True
TST_JH,911,JP,momentum,252,0.012466958123592666,0.03548748046159744,0.1883812049508821,0.15733546787309158,25,35,False
TST_JH,911,JP,extended,22,0.013991855224343458,0.040570810437202454,0.20142196601477785,0.16822707589706726,12,22,False
TST_JH,911,JP,extended,60,0.013109912082140698,0.03805025294423103,0.1950647256804695,0.16291752613258365,15,25,True
TST_JH,911,JP,extended,252,0.013398950873053485,0.03967979550361633,0.19919787649819332,0.16636952240719174,49,59,False
TST_JH,gfc,US,core,22,0.019871601428660422,0.015244796248783629,0.12346981846179397,0.218118835930082,6,16,False
TST_JH,gfc,US,core,60,0.019271370942819575,0.013654021245698292,0.11685042412160315,0.2064251717939242,13,23,False
TST_JH,gfc,US,core,252,0.01872116729312002,0.01393418996576294,0.11804317222477259,0.20853225214005455,27,37,True
TST_JH,gfc,US,momentum,22,0.020440018372149465,0.016398806436603287,0.12805782525583687,0.22622389928583322,8,18,True
TST_JH,gfc,US,momentum,60,0.022443934356590416,0.018271905195665548,0.13517361194081134,0.2387944782968786,3,13,False
TST_JH,gfc,US,momentum,252,0.022328833635160365,0.01795224570836204,0.13398599157678115,0.23669645649238974,3,13,False
TST_JH,gfc,US,extended,22,0.021533532293903975,0.01671700211486731,0.12929424617536314,0.22840813098752738,37,47,False
TST_JH,gfc,US,extended,60,0.02119107993423273,0.017097617644237808,0.1307578600584048,0.2309937163588944,42,52,True
TST_JH,gfc,US,extended,252,0.026018070029384055,0.021593743289609356,0.1469480924996971,0.25959499477273495,8,18,False
TST_JH,gfc,KR,core,22,0.014488064315377365,0.016862160376002713,0.12985437824260365,0.1795681005503628,36,46,True
TST_JH,gfc,KR,core,60,0.01562050045892024,0.018840204804174362,0.13725962367840186,0.1898083856682908,19,29,False
TST_JH,gfc,KR,core,252,0.01485964469633009,0.016888762313512065,0.12995677006480352,0.17970969227236058,12,22,False
TST_JH,gfc,KR,momentum,22,0.013736057989301019,0.015676239204983556,0.12520478802082594,0.1731384514637351,34,44,True
TST_JH,gfc,KR,momentum,60,0.014538225786859482,0.017142513706799475,0.1309294173435274,0.1810547098736895,12,22,False
TST_JH,gfc,KR,momentum,252,0.015377019617443585,0.017736743174252972,0.13317936189640847,0.18416602791450037,14,24,False
TST_JH,gfc,KR,extended,22,0.016090054386110407,0.01891912459846466,0.13754680666995672,0.19020551439819416,20,30,False
TST_JH,gfc,KR,extended,60,0.016082245237329842,0.01944511071328194,0.13944572586762444,0.192831419801143,12,22,True
TST_JH,gfc,KR,extended,252,0.01739904983152267,0.02102437759599378,0.14499785310582905,0.20050913506705179,4,14,False
TST_JH,gfc,JP,core,22,0.011813443778955768,0.014422967306032836,0.12009566184914978,0.17166742229555845,53,63,False
TST_JH,gfc,JP,core,60,0.011958326581483273,0.014688713076384927,0.12119700292119134,0.17324170383074897,57,67,False
TST_JH,gfc,JP,core,252,0.011663495555241515,0.014516470874640865,0.12048431831710077,0.1722229765344405,46,56,True
TST_JH,gfc,JP,momentum,22,0.01131132344211258,0.014235970353036516,0.11931458611557848,0.1705509351907351,90,100,True
TST_JH,gfc,JP,momentum,60,0.011853836288236932,0.01431739794067767,0.11965533007932866,0.17103800222562301,37,47,False
TST_JH,gfc,JP,momentum,252,0.01380608255637513,0.01617812688051448,0.1271932669848592,0.1818128976554378,16,26,False
TST_JH,gfc,JP,extended,22,0.01278075344033592,0.015613182583590027,0.12495272060807111,0.17861021060484317,23,33,True
TST_JH,gfc,JP,extended,60,0.015395187340785129,0.01721666181678714,0.13121227866308427,0.18755776274343122,11,21,False
TST_JH,gfc,JP,extended,252,0.013492763334088578,0.015950746204598472,0.12629626530501542,0.18053070341292646,28,38,False
TST_JH,covid,US,core,22,0.018988625863791724,0.012137431610211072,0.1101700123369291,0.20118115574052273,11,21,False
TST_JH,covid,US,core,60,0.016448528206977786,0.011396476235913944,0.106754277710242,0.1949436921574358,19,29,False
TST_JH,covid,US,core,252,0.016289950152310658,0.010600940586183685,0.10296086664075237,0.18801655466356984,31,41,True
TST_JH,covid,US,momentum,22,0.015807539982514454,0.010868615736384469,0.10425265309832914,0.1903754823517184,36,46,True
TST_JH,covid,US,momentum,60,0.016420993093255634,0.010871493947658553,0.10426645596887706,0.19040068773556526,32,42,False
TST_JH,covid,US,momentum,252,0.017864109762326334,0.012425025251795011,0.11146759629436824,0.20355067022718368,7,17,False
TST_JH,covid,US,extended,22,0.021762315921575136,0.01325010798542375,0.11510911333289026,0.21020043444993936,5,15,False
TST_JH,covid,US,extended,60,0.019680809334605476,0.011556342221706747,0.1075004281618729,0.19630623543968884,20,30,False
TST_JH,covid,US,extended,252,0.01843763273555414,0.011398724025960668,0.10676480878273224,0.19496292291987136,22,32,True
TST_JH,covid,KR,core,22,0.012413092873855924,0.01002242952509194,0.10011208590024498,0.16706905784206097,32,42,True
TST_JH,covid,KR,core,60,0.012453313321618057,0.01027723803203933,0.10137671256464328,0.16917949219614584,21,31,False
TST_JH,covid,KR,core,252,0.013375833447250924,0.011021140749965396,0.10498162010925063,0.17519543424419595,23,33,False
TST_JH,covid,KR,momentum,22,0.012373258807459951,0.010097120736478542,0.10048443022856537,0.16769043352878185,31,41,True
TST_JH,covid,KR,momentum,60,0.012866773571516379,0.010498742922684368,0.1024633746123694,0.17099293562681442,18,28,False
TST_JH,covid,KR,momentum,252,0.013039899125266192,0.010828738370720221,0.10406122523021763,0.17365946080103023,16,26,False
TST_JH,covid,KR,extended,22,0.01295920427872648,0.01027519513225677,0.10136663746221511,0.1691626786630424,30,40,True
TST_JH,covid,KR,extended,60,0.015708030123026035,0.013447595079790573,0.11596376596978514,0.19352265962866974,1,11,False
TST_JH,covid,KR,extended,252,0.013778877947903388,0.010963690037630043,0.10470763863578268,0.17473820846344376,33,43,False
TST_JH,covid,JP,core,22,0.0200449377336157,0.01127963351810577,0.10620562122584978,0.20416712867286047,18,28,False
TST_JH,covid,JP,core,60,0.01928149925849162,0.010820369130959072,0.10402100274873703,0.19996747072095888,20,30,True
TST_JH,covid,JP,core,252,0.021343749381412026,0.012171783453344551,0.11032580590805367,0.21208767248643712,11,21,False
TST_JH,covid,JP,momentum,22,0.018890582392815894,0.010444512777809818,0.10219839916015683,0.19646374147297535,18,28,False
TST_JH,covid,JP,momentum,60,0.018805372925639514,0.010502537911188901,0.10248189203955553,0.19700872135744824,20,30,True
TST_JH,covid,JP,momentum,252,0.02192861883380694,0.012697325458274726,0.1126824096155223,0.2166179507035432,12,22,False
TST_JH,covid,JP,extended,22,0.01967134737968278,0.01116528046788905,0.10566589027688153,0.20312956289399842,33,43,False
TST_JH,covid,JP,extended,60,0.018778697865111892,0.010288616817709541,0.10143281967742651,0.19499200991154025,55,65,True
TST_JH,covid,JP,extended,252,0.021810913666057297,0.012095078147916613,0.10997762540539036,0.2114183386727638,8,18,False
