model,regime,country,feature_set,protocol,phase,RMSE,MAE,QLIKE,RMSE_CV,best_val_qlike,n_features
Ridge,normal,US,momentum,static,Full Test,0.16400970179506644,0.09549390268429747,0.023756740238307067,0.2803203827749296,0.029216609368067553,14
Ridge,normal,US,momentum,expanding,Full Test,0.16253903216206442,0.0939192665450219,0.021754102914224117,0.27780675906885327,0.029216609368067553,14
ElasticNet,normal,US,momentum,static,Full Test,0.1626470088781669,0.09441922371330752,0.021740983767831675,0.27799130958054463,0.028035773250193206,14
ElasticNet,normal,US,momentum,expanding,Full Test,0.161525751806712,0.09317305260738079,0.02012433866130409,0.2760748911734673,0.028035773250193206,14
Huber,normal,US,momentum,static,Full Test,0.16305425974906715,0.09163160189343775,0.021368287548963492,0.2786873703547958,0.02785469314652552,14
Huber,normal,US,momentum,expanding,Full Test,0.16153128813520154,0.09025148380971991,0.019817542695561435,0.27608435369735684,0.02785469314652552,14
LightGBM,normal,US,momentum,static,Full Test,0.17556807275376018,0.10079879148818961,0.02306227908166562,0.3000755980819129,0.026136085063132017,14
LightGBM,normal,US,momentum,expanding,Full Test,0.16593954085772966,0.09251378805478105,0.01838448105319481,0.28361880487324986,0.026136085063132017,14
XGBoost,normal,US,momentum,static,Full Test,0.16711564663335526,0.09932365315626036,0.022880657250715048,0.28562896901353424,0.02703239832004912,14
XGBoost,normal,US,momentum,expanding,Full Test,0.16474587241717828,0.09273679757211133,0.01825478966332288,0.28157862316143983,0.02703239832004912,14
Ridge,normal,KR,momentum,static,Full Test,0.10992316520252199,0.07985212146266994,0.019016956865562776,0.20677340874035122,0.014997304786172418,14
Ridge,normal,KR,momentum,expanding,Full Test,0.10835269678614805,0.07842643154617913,0.0174714429994238,0.20381924428216427,0.014997304786172418,14
ElasticNet,normal,KR,momentum,static,Full Test,0.10767811038144709,0.07744161661260035,0.016246593426158324,0.2025502985587317,0.01418212188977661,14
ElasticNet,normal,KR,momentum,expanding,Full Test,0.10690030597938019,0.0767567397578122,0.015655965827715897,0.20108719233128353,0.01418212188977661,14
Huber,normal,KR,momentum,static,Full Test,0.10740546616965325,0.07764593960201531,0.01815054785436073,0.20203743511505198,0.0152666692981024,14
Huber,normal,KR,momentum,expanding,Full Test,0.1052725117534295,0.07559097490285445,0.016389335173158222,0.1980251938871197,0.0152666692981024,14
LightGBM,normal,KR,momentum,static,Full Test,0.10501273207271986,0.07995510213186792,0.01626536385025635,0.19753652955505785,0.013604977599531071,14
LightGBM,normal,KR,momentum,expanding,Full Test,0.09858615300300891,0.07242706328756669,0.013774454317241624,0.1854476704111707,0.013604977599531071,14
XGBoost,normal,KR,momentum,static,Full Test,0.10631384991671103,0.08244268623321556,0.017204082046437606,0.19998402614305438,0.013524975935409467,14
XGBoost,normal,KR,momentum,expanding,Full Test,0.09909912135521388,0.07307486106881785,0.014012883714066664,0.1864126009111788,0.013524975935409467,14
Ridge,normal,JP,momentum,static,Full Test,0.1676375984238038,0.10414381452045526,0.016787852147111336,0.24632992885090535,0.0148001399514617,14
Ridge,normal,JP,momentum,expanding,Full Test,0.16571019314810134,0.10276578764229523,0.016286011447597212,0.24349776226718728,0.0148001399514617,14
ElasticNet,normal,JP,momentum,static,Full Test,0.16871343747181566,0.10508396996873817,0.016938118419397644,0.2479107875523156,0.014588197971928708,14
ElasticNet,normal,JP,momentum,expanding,Full Test,0.16639806194968157,0.10348943191916418,0.01638508787946342,0.24450852998603545,0.014588197971928708,14
Huber,normal,JP,momentum,static,Full Test,0.16884459267539126,0.10373482779244202,0.016752415093613027,0.24810350954469065,0.014775011711844487,14
Huber,normal,JP,momentum,expanding,Full Test,0.1674721948803633,0.10227657923677268,0.016346246804352167,0.2460868816856484,0.014775011711844487,14
LightGBM,normal,JP,momentum,static,Full Test,0.17366334574520387,0.11059653358652423,0.01877141865482658,0.25518427848911424,0.013911387640344362,14
LightGBM,normal,JP,momentum,expanding,Full Test,0.16868498163746307,0.10491325693696461,0.016750799134696757,0.24786897399904728,0.013911387640344362,14
XGBoost,normal,JP,momentum,static,Full Test,0.17478171455661637,0.11326318943333939,0.019967429173593915,0.2568276312472935,0.0137504929024334,14
XGBoost,normal,JP,momentum,expanding,Full Test,0.16003426516098257,0.10401986296159578,0.017270094499738636,0.23515744392347557,0.0137504929024334,14
Ridge,911,US,momentum,static,Full Test,0.2412259025908064,0.16613728182196622,0.021878785199494852,0.22908457796724468,0.013075997686935544,14
Ridge,911,US,momentum,static,Shock,0.41256976970253617,0.3053324770940491,0.026227480012561307,0.2617971573192369,0.013075997686935544,14
Ridge,911,US,momentum,static,Recovery,0.18091424385078275,0.1345020101692201,0.02089044546925248,0.193666175025032,0.013075997686935544,14
Ridge,911,US,momentum,expanding,Full Test,0.24209855663833213,0.16689518731213987,0.022214748980183913,0.22991330979928162,0.013075997686935544,14
Ridge,911,US,momentum,expanding,Shock,0.4108775387701014,0.3002921172192419,0.025799996425768155,0.260723348038546,0.013075997686935544,14
Ridge,911,US,momentum,expanding,Recovery,0.18320560247027717,0.13657770324234395,0.021399920015278406,0.19611904247207576,0.013075997686935544,14
ElasticNet,911,US,momentum,static,Full Test,0.24157854006078208,0.16641520083578815,0.022030001498529104,0.2294194665721465,0.013789825653683837,14
ElasticNet,911,US,momentum,static,Shock,0.4110937899981943,0.3031609172424343,0.026266262120260012,0.2608605707847068,0.013789825653683837,14
ElasticNet,911,US,momentum,static,Recovery,0.18225040673453463,0.13533662892518675,0.021067214993590256,0.19509651875805545,0.013789825653683837,14
ElasticNet,911,US,momentum,expanding,Full Test,0.24250484444003034,0.1677800571731033,0.022332189488715834,0.23029914842019936,0.013789825653683837,14
ElasticNet,911,US,momentum,expanding,Shock,0.40931396601872577,0.29807947086914455,0.02579163284271642,0.2597311791215963,0.013789825653683837,14
ElasticNet,911,US,momentum,expanding,Recovery,0.18465478536569957,0.13816655406036663,0.021545952362806615,0.19767037255142342,0.013789825653683837,14
Huber,911,US,momentum,static,Full Test,0.24327059180737545,0.16818236296759873,0.022251578202203026,0.23102635437359711,0.012279340482048894,14
Huber,911,US,momentum,static,Shock,0.4184164926864412,0.30529125892278924,0.026090423527731083,0.2655072097012207,0.012279340482048894,14
Huber,911,US,momentum,static,Recovery,0.1812223490976404,0.13702125025050998,0.0213791133554921,0.19399599739497916,0.012279340482048894,14
Huber,911,US,momentum,expanding,Full Test,0.24312938493459296,0.16741216889916102,0.02231457622524754,0.23089225469147334,0.012279340482048894,14
Huber,911,US,momentum,expanding,Shock,0.41721825815460417,0.3041290066691055,0.02602156173253718,0.26474686704581274,0.012279340482048894,14
Huber,911,US,momentum,expanding,Recovery,0.1816172131430146,0.1363401603150827,0.02147207951904535,0.19441869384880622,0.012279340482048894,14
LightGBM,911,US,momentum,static,Full Test,0.27748681388335067,0.18147842596177222,0.02518733576758371,0.26352041371682056,0.01659255476891551,14
LightGBM,911,US,momentum,static,Shock,0.48899895630243956,0.31880480239622977,0.033200205411030526,0.31029548477183416,0.01659255476891551,14
LightGBM,911,US,momentum,static,Recovery,0.20038273201916537,0.15026788586303186,0.023366229030436697,0.2145069201031285,0.01659255476891551,14
LightGBM,911,US,momentum,expanding,Full Test,0.2766386206219426,0.17940973403700639,0.025200627272593954,0.26271491151644566,0.01659255476891551,14
LightGBM,911,US,momentum,expanding,Shock,0.4904433339654961,0.32032394913991635,0.03343935803267259,0.31121201815370614,0.01659255476891551,14
LightGBM,911,US,momentum,expanding,Recovery,0.19812848152072055,0.14738377605907235,0.02332818846348517,0.2120937763821611,0.01659255476891551,14
XGBoost,911,US,momentum,static,Full Test,0.24730686976636798,0.1775667981458477,0.024015519957407052,0.23485947935256252,0.016789019232024416,14
XGBoost,911,US,momentum,static,Shock,0.3983522883754768,0.3015327297931623,0.026949927039518026,0.252775419739319,0.016789019232024416,14
XGBoost,911,US,momentum,static,Recovery,0.19747449124545932,0.149392722771458,0.02334860925692728,0.211393688912996,0.016789019232024416,14
XGBoost,911,US,momentum,expanding,Full Test,0.23478598622178457,0.16465782292703707,0.02199292200819291,0.22296879393370225,0.016789019232024416,14
XGBoost,911,US,momentum,expanding,Shock,0.3744600604144006,0.26449013714953856,0.02298326940317005,0.23761454799938816,0.016789019232024416,14
XGBoost,911,US,momentum,expanding,Recovery,0.1891678808958628,0.14196866060374128,0.021767843054789012,0.20250157837715255,0.016789019232024416,14
Ridge,911,KR,momentum,static,Full Test,0.4625035077205635,0.20657687024175722,0.0685189966901995,0.32772724571073353,0.012774018491590534,14
Ridge,911,KR,momentum,static,Shock,0.922449216734303,0.31886839852236276,0.29490738177814185,0.6735166274545198,0.012774018491590534,14
Ridge,911,KR,momentum,static,Recovery,0.23689606403005456,0.17876153754839624,0.012441139833553223,0.16664505788494025,0.012774018491590534,14
Ridge,911,KR,momentum,expanding,Full Test,0.47052248835340377,0.2168095476798571,0.07226239180150609,0.33340944788290877,0.012774018491590534,14
Ridge,911,KR,momentum,expanding,Shock,0.9264036527648727,0.32680443708768386,0.3090558441271811,0.6764039174759943,0.012774018491590534,14
Ridge,911,KR,momentum,expanding,Recovery,0.25227754095711624,0.18956310718434038,0.013607132968540733,0.1774651916991554,0.012774018491590534,14
ElasticNet,911,KR,momentum,static,Full Test,0.46479916925528136,0.20652412197996856,0.07372996443870845,0.3293539378747889,0.012754534170000343,14
ElasticNet,911,KR,momentum,static,Shock,0.9279926538936369,0.3197024957046069,0.32117521791377407,0.6775641099959203,0.012754534170000343,14
ElasticNet,911,KR,momentum,static,Recovery,0.23713899727892263,0.17848911197478287,0.012436186054976572,0.1668159498137933,0.012754534170000343,14
ElasticNet,911,KR,momentum,expanding,Full Test,0.4730198644327269,0.21788403066563222,0.07941063758423386,0.3351790737783192,0.012754534170000343,14
ElasticNet,911,KR,momentum,expanding,Shock,0.934033308786654,0.330443082032073,0.3451407815258076,0.6819746308542554,0.012754534170000343,14
ElasticNet,911,KR,momentum,expanding,Recovery,0.2511333528611607,0.19000243078587167,0.013587574406045827,0.17666031006356356,0.012754534170000343,14
Huber,911,KR,momentum,static,Full Test,0.45628546383072016,0.20329887792623214,0.05925123965014357,0.3233211766459384,0.012310652611126814,14
Huber,911,KR,momentum,static,Shock,0.907800624924084,0.3088716435692321,0.24787814454402565,0.6628211116754453,0.012310652611126814,14
Huber,911,KR,momentum,static,Recovery,0.23586577620415308,0.177147825886223,0.01252714394248469,0.16592029964512534,0.012310652611126814,14
Huber,911,KR,momentum,expanding,Full Test,0.45803546100099196,0.20399079384513197,0.06201112427568328,0.3245612142738503,0.012310652611126814,14
Huber,911,KR,momentum,expanding,Shock,0.9115138030495772,0.30655132384568046,0.2623058601593006,0.6655322497661402,0.012310652611126814,14
Huber,911,KR,momentum,expanding,Recovery,0.23654957789846764,0.17858589191839064,0.012396831900842308,0.1664013214527161,0.012310652611126814,14
LightGBM,911,KR,momentum,static,Full Test,0.32843287281782463,0.2096281676196678,0.015302143320908356,0.23272558804998583,0.016986119801219845,14
LightGBM,911,KR,momentum,static,Shock,0.5435188872934682,0.28304604467614775,0.02499514341383786,0.39684461896309503,0.016986119801219845,14
LightGBM,911,KR,momentum,static,Recovery,0.24781473514390798,0.1914420879818241,0.012901124949265269,0.17432582112279585,0.016986119801219845,14
LightGBM,911,KR,momentum,expanding,Full Test,0.3337727497574635,0.2058653445003823,0.01556941615284633,0.23650939321610676,0.016986119801219845,14
LightGBM,911,KR,momentum,expanding,Shock,0.5605666851045724,0.28593552975155134,0.02690505330314481,0.40929188985775794,0.016986119801219845,14
LightGBM,911,KR,momentum,expanding,Recovery,0.24730905089301933,0.18603144540146885,0.012761506033047624,0.17397009642299605,0.016986119801219845,14
XGBoost,911,KR,momentum,static,Full Test,0.35895888672714144,0.2120486676814937,0.018069653122821133,0.254356140670729,0.01826322497934937,14
XGBoost,911,KR,momentum,static,Shock,0.6420149068197729,0.28445879221575104,0.03688549395117548,0.46876045528837984,0.01826322497934937,14
XGBoost,911,KR,momentum,static,Recovery,0.24221562926157353,0.19411221481520982,0.013408848513962722,0.17038711776068696,0.01826322497934937,14
XGBoost,911,KR,momentum,expanding,Full Test,0.3709421513163285,0.21490740898129895,0.01822164189902482,0.2628474109700453,0.01826322497934937,14
XGBoost,911,KR,momentum,expanding,Shock,0.6404934340353754,0.2849205701592864,0.03680078649674353,0.467649567881332,0.01826322497934937,14
XGBoost,911,KR,momentum,expanding,Recovery,0.2646978401045886,0.19756469933170578,0.013619468466562385,0.1862022784838316,0.01826322497934937,14
Ridge,911,JP,momentum,static,Full Test,0.21725609127228693,0.1725287947276791,0.012036414923034611,0.15823901105405752,0.010655758074223014,14
Ridge,911,JP,momentum,static,Shock,0.28425056355867034,0.21777306011330969,0.013276746560157506,0.1642688985503184,0.010655758074223014,14
Ridge,911,JP,momentum,static,Recovery,0.19555228510889297,0.16046365729151096,0.01170565981980184,0.15305678904312442,0.010655758074223014,14
Ridge,911,JP,momentum,expanding,Full Test,0.2148074571092496,0.1692033024407265,0.011693552742023683,0.15645554230930048,0.010655758074223014,14
Ridge,911,JP,momentum,expanding,Shock,0.281914426913952,0.21448435321445128,0.013302475384726857,0.16291884109155208,0.010655758074223014,14
Ridge,911,JP,momentum,expanding,Recovery,0.19301116592159673,0.15712835556773322,0.011264506703969505,0.15106788084311612,0.010655758074223014,14
ElasticNet,911,JP,momentum,static,Full Test,0.2175280337320728,0.17316589841354668,0.011988386994103937,0.15843708101678272,0.0110958255092807,14
ElasticNet,911,JP,momentum,static,Shock,0.28886019856420014,0.22544791099168085,0.014102047371260109,0.16693281469386925,0.0110958255092807,14
ElasticNet,911,JP,momentum,static,Recovery,0.19412875563558288,0.15922402839271088,0.01142474422686229,0.15194260697068396,0.0110958255092807,14
ElasticNet,911,JP,momentum,expanding,Full Test,0.215007778708391,0.16974926036489071,0.011707463907981181,0.15660144704115528,0.0110958255092807,14
ElasticNet,911,JP,momentum,expanding,Shock,0.28489279458787636,0.21811325361258999,0.01384174390027833,0.16464004498697526,0.0110958255092807,14
ElasticNet,911,JP,momentum,expanding,Recovery,0.1921254686508884,0.15685219549883753,0.011138322576701942,0.15037465457760155,0.0110958255092807,14
Huber,911,JP,momentum,static,Full Test,0.2184350384973978,0.17238435943136782,0.011808349063991285,0.1590977001793841,0.01167224709033126,14
Huber,911,JP,momentum,static,Shock,0.2991026703195501,0.23570046587721386,0.014785597079213961,0.17285195706115186,0.01167224709033126,14
Huber,911,JP,momentum,static,Recovery,0.19126139621901256,0.1555000643791422,0.011014416259931907,0.14969835385398714,0.01167224709033126,14
Huber,911,JP,momentum,expanding,Full Test,0.21624124048562593,0.16928657448954745,0.011539546439521745,0.157499841975261,0.01167224709033126,14
Huber,911,JP,momentum,expanding,Shock,0.29509916665344216,0.2276361380208358,0.014478051123151774,0.17053832528030238,0.01167224709033126,14
Huber,911,JP,momentum,expanding,Recovery,0.18975618303676955,0.1537266908812039,0.010755945190553737,0.1485202387715108,0.01167224709033126,14
LightGBM,911,JP,momentum,static,Full Test,0.235287209052945,0.18528085845687942,0.014062620532208005,0.1713720202557863,0.012021972745930736,14
LightGBM,911,JP,momentum,static,Shock,0.32561127143357027,0.25935820324223646,0.018868243931843196,0.188171324075216,0.012021972745930736,14
LightGBM,911,JP,momentum,static,Recovery,0.2045728140615978,0.16552689984745086,0.012781120958971952,0.16011706551190985,0.012021972745930736,14
LightGBM,911,JP,momentum,expanding,Full Test,0.2276792574401425,0.1765490756710399,0.01296261929618576,0.16583074989458765,0.012021972745930736,14
LightGBM,911,JP,momentum,expanding,Shock,0.31509339848225043,0.24184272604752663,0.016929529793202645,0.18209302687441245,0.012021972745930736,14
LightGBM,911,JP,momentum,expanding,Recovery,0.19795346962237056,0.15913743557064344,0.011904776496981257,0.15493617179402555,0.012021972745930736,14
XGBoost,911,JP,momentum,static,Full Test,0.234888355160357,0.18572229074515226,0.013887510370042246,0.171081514037302,0.012368440369732293,14
XGBoost,911,JP,momentum,static,Shock,0.3046419143417196,0.24274495108409821,0.01563023190747232,0.17605309588364504,0.012368440369732293,14
XGBoost,911,JP,momentum,static,Recovery,0.21245414634906862,0.17051624798809997,0.013422784626727559,0.1662857043116583,0.012368440369732293,14
XGBoost,911,JP,momentum,expanding,Full Test,0.21520030413948757,0.17141440789645732,0.011886700068744963,0.1567416734147454,0.012368440369732293,14
XGBoost,911,JP,momentum,expanding,Shock,0.2909647421711801,0.23368932225261596,0.01414458365057651,0.1681490341304874,0.012368440369732293,14
XGBoost,911,JP,momentum,expanding,Recovery,0.18995970140810844,0.1548077640681483,0.011284597780256549,0.1486795305354044,0.012368440369732293,14
Ridge,gfc,US,momentum,static,Full Test,0.3842040481951963,0.2424280049390454,0.01855812035668543,0.23768733767933317,0.018994188782156127,14
Ridge,gfc,US,momentum,static,Pre-Lehman,0.2460803183451736,0.16745332244585956,0.01708945052176568,0.22073564553298866,0.018994188782156127,14
Ridge,gfc,US,momentum,static,Lehman Crisis,0.6351988924940027,0.4570095875860894,0.024349806077654742,0.22459931913025571,0.018994188782156127,14
Ridge,gfc,US,momentum,static,Recovery,0.2679185876791838,0.18577857028812428,0.01506601131626007,0.17029226210542342,0.018994188782156127,14
Ridge,gfc,US,momentum,expanding,Full Test,0.38021308363576883,0.2451214720297229,0.018436097004721437,0.23521833261455324,0.018994188782156127,14
Ridge,gfc,US,momentum,expanding,Pre-Lehman,0.24422413358073128,0.16664373046397157,0.016931214054885565,0.2190706357306486,0.018994188782156127,14
Ridge,gfc,US,momentum,expanding,Lehman Crisis,0.6237264094772049,0.46119865073961586,0.023540951583199427,0.22054277573140127,0.018994188782156127,14
Ridge,gfc,US,momentum,expanding,Recovery,0.2797237173792146,0.1986207147537286,0.016102338572048853,0.17779574388502056,0.018994188782156127,14
ElasticNet,gfc,US,momentum,static,Full Test,0.4046577687159338,0.25418091008905874,0.019657326407253966,0.25034100543491417,0.018073876409972427,14
ElasticNet,gfc,US,momentum,static,Pre-Lehman,0.25576220795897725,0.17199629391757607,0.018072116406798462,0.2294203634667665,0.018073876409972427,14
ElasticNet,gfc,US,momentum,static,Lehman Crisis,0.6760123997054227,0.4877613526431329,0.027188118876849875,0.2390305249137092,0.018073876409972427,14
ElasticNet,gfc,US,momentum,static,Recovery,0.26783529900504666,0.1945383259645675,0.01396881807947144,0.1702393228269305,0.018073876409972427,14
ElasticNet,gfc,US,momentum,expanding,Full Test,0.4022546223314469,0.25216169689347856,0.0189032815721282,0.24885430203117434,0.018073876409972427,14
ElasticNet,gfc,US,momentum,expanding,Pre-Lehman,0.2532593839373891,0.17085666987533035,0.017780856804854722,0.22717531404641506,0.018073876409972427,14
ElasticNet,gfc,US,momentum,expanding,Lehman Crisis,0.6739129210365258,0.4887732106508807,0.02562834666415259,0.2382881724235918,0.018073876409972427,14
ElasticNet,gfc,US,momentum,expanding,Recovery,0.26227125736573836,0.18486095933407443,0.012786261548321524,0.16670275134297968,0.018073876409972427,14
Huber,gfc,US,momentum,static,Full Test,0.4024528679913485,0.24760058943744281,0.01957683547679153,0.24897694645236107,0.017979229976637104,14
Huber,gfc,US,momentum,static,Pre-Lehman,0.2504858716169118,0.16592553797741513,0.01737991739859475,0.2246874554619853,0.017979229976637104,14
Huber,gfc,US,momentum,static,Lehman Crisis,0.6733057331284641,0.4764049113552254,0.027027035821674098,0.23807347747946284,0.017979229976637104,14
Huber,gfc,US,momentum,static,Recovery,0.27553364852172385,0.19331960110061672,0.01617313266108879,0.17513248595170391,0.017979229976637104,14
Huber,gfc,US,momentum,expanding,Full Test,0.3931782552189589,0.24650495123937502,0.019146980615819858,0.24323921925185005,0.017979229976637104,14
Huber,gfc,US,momentum,expanding,Pre-Lehman,0.24821938863103762,0.16550251452533313,0.017194210426630076,0.22265440548732326,0.017979229976637104,14
Huber,gfc,US,momentum,expanding,Lehman Crisis,0.6528011685397649,0.4721847404974852,0.02584966063682363,0.23082328970347002,0.017979229976637104,14
Huber,gfc,US,momentum,expanding,Recovery,0.2759572013903936,0.19453138722813293,0.016000885128573034,0.1754017012262088,0.017979229976637104,14
LightGBM,gfc,US,momentum,static,Full Test,0.6164130757235254,0.32226683944432244,0.030944122441587563,0.3813431523371591,0.016072240820248027,14
LightGBM,gfc,US,momentum,static,Pre-Lehman,0.2627857079071035,0.17673033668041926,0.02033870410575748,0.2357204885859803,0.016072240820248027,14
LightGBM,gfc,US,momentum,static,Lehman Crisis,1.1480434791757788,0.7502342716855428,0.06623068137773845,0.40593550587345256,0.016072240820248027,14
LightGBM,gfc,US,momentum,static,Recovery,0.269715894278313,0.1951510696097992,0.015530951400360149,0.17143465169889652,0.016072240820248027,14
LightGBM,gfc,US,momentum,expanding,Full Test,0.5158293162572014,0.29070167951347625,0.02426668823674606,0.3191171395878538,0.016072240820248027,14
LightGBM,gfc,US,momentum,expanding,Pre-Lehman,0.26166272621816844,0.17787385915746207,0.02020723355258567,0.23471316670954684,0.016072240820248027,14
LightGBM,gfc,US,momentum,expanding,Lehman Crisis,0.9249714208378877,0.6172679415715067,0.04071231342388148,0.3270596875876894,0.016072240820248027,14
LightGBM,gfc,US,momentum,expanding,Recovery,0.2844217603944841,0.19998070093583067,0.013958571401260297,0.18078187627497191,0.016072240820248027,14
XGBoost,gfc,US,momentum,static,Full Test,0.5472263019498061,0.3027391447580649,0.026794857441585457,0.3385408441934854,0.016650789480584748,14
XGBoost,gfc,US,momentum,static,Pre-Lehman,0.2666334324579995,0.1744119930581737,0.019551818716727155,0.23917192252546265,0.016650789480584748,14
XGBoost,gfc,US,momentum,static,Lehman Crisis,0.9881265207136913,0.6695718072446126,0.05077570802387318,0.3493906340035676,0.016650789480584748,14
XGBoost,gfc,US,momentum,static,Recovery,0.30312619110895617,0.2064474501666088,0.016445831057340113,0.19267063638435156,0.016650789480584748,14
XGBoost,gfc,US,momentum,expanding,Full Test,0.43875162314819816,0.2551056596856297,0.019520255523007752,0.2714331243995601,0.016650789480584748,14
XGBoost,gfc,US,momentum,expanding,Pre-Lehman,0.2567795239114744,0.16679369965899415,0.01834360787039125,0.23033290249059238,0.016650789480584748,14
XGBoost,gfc,US,momentum,expanding,Lehman Crisis,0.7610855476488141,0.5146632841545609,0.027805960718310527,0.2691114512662904,0.016650789480584748,14
XGBoost,gfc,US,momentum,expanding,Recovery,0.2451781869168374,0.17817278157645605,0.011254088801184472,0.15583819111113703,0.016650789480584748,14
Ridge,gfc,KR,momentum,static,Full Test,0.3442518946771644,0.2060839800874816,0.014322053815439143,0.23424067619846312,0.016229381927514,14
Ridge,gfc,KR,momentum,static,Pre-Lehman,0.19540677406209558,0.14934384381908108,0.014172821773187677,0.1710153024614115,0.016229381927514,14
Ridge,gfc,KR,momentum,static,Lehman Crisis,0.5778192917661724,0.36639349072158045,0.01668805558629233,0.24813496728013132,0.016229381927514,14
Ridge,gfc,KR,momentum,static,Recovery,0.2774238129661244,0.1646716703248126,0.011345186348670114,0.20909738549982723,0.016229381927514,14
Ridge,gfc,KR,momentum,expanding,Full Test,0.32818378723336356,0.19879655063604912,0.013941000215227966,0.22330739039506872,0.016229381927514,14
Ridge,gfc,KR,momentum,expanding,Pre-Lehman,0.19382771434877258,0.14837104410043853,0.01390064820745614,0.16963334743055494,0.016229381927514,14
Ridge,gfc,KR,momentum,expanding,Lehman Crisis,0.5318220796231684,0.34012008166806945,0.015478772809545238,0.22838222296591018,0.016229381927514,14
Ridge,gfc,KR,momentum,expanding,Recovery,0.30079586495797395,0.16368202107998048,0.01181149566532563,0.2267131586845845,0.016229381927514,14
ElasticNet,gfc,KR,momentum,static,Full Test,0.33292913244382094,0.20651139264108684,0.01460354867148643,0.22653628437671283,0.016004304152393324,14
ElasticNet,gfc,KR,momentum,static,Pre-Lehman,0.19871680573184852,0.1513702675058014,0.014507460694994713,0.17391216245962102,0.016004304152393324,14
ElasticNet,gfc,KR,momentum,static,Lehman Crisis,0.5458159199759809,0.36320678871710516,0.016856195403012784,0.23439164696325512,0.016004304152393324,14
ElasticNet,gfc,KR,momentum,static,Recovery,0.2831717940294905,0.16493330108150325,0.01161119716167534,0.2134297021795029,0.016004304152393324,14
ElasticNet,gfc,KR,momentum,expanding,Full Test,0.3266874294895181,0.20113145549464626,0.014236559269910014,0.22228921778607882,0.016004304152393324,14
ElasticNet,gfc,KR,momentum,expanding,Pre-Lehman,0.19697172303486213,0.15032980385273906,0.0142128089576768,0.17238490811197762,0.016004304152393324,14
ElasticNet,gfc,KR,momentum,expanding,Lehman Crisis,0.5254928137958594,0.34392822962467834,0.015851312911688648,0.22566422411861292,0.016004304152393324,14
ElasticNet,gfc,KR,momentum,expanding,Recovery,0.30055204056988033,0.16513689117190497,0.011936439346588196,0.22652938555593208,0.016004304152393324,14
Huber,gfc,KR,momentum,static,Full Test,0.3323961865653816,0.20011329467964817,0.01433607983318256,0.22617364990796174,0.015080524091948464,14
Huber,gfc,KR,momentum,static,Pre-Lehman,0.1906243805307006,0.14328368568205777,0.012796725120208227,0.16682986682241407,0.015080524091948464,14
Huber,gfc,KR,momentum,static,Lehman Crisis,0.5596647984091406,0.3683369600064761,0.02147379082202166,0.24033881945445887,0.015080524091948464,14
Huber,gfc,KR,momentum,static,Recovery,0.2575628408781198,0.14733516925179407,0.009099487950494159,0.19412795193648025,0.015080524091948464,14
Huber,gfc,KR,momentum,expanding,Full Test,0.3172438745574826,0.19423286358205832,0.013778890591218198,0.21586350240963398,0.015080524091948464,14
Huber,gfc,KR,momentum,expanding,Pre-Lehman,0.18895515310909608,0.14210623468637007,0.01254625286633813,0.1653689991848783,0.015080524091948464,14
Huber,gfc,KR,momentum,expanding,Lehman Crisis,0.5157371555217666,0.3461301554716338,0.019366658544204846,0.22147481753227524,0.015080524091948464,14
Huber,gfc,KR,momentum,expanding,Recovery,0.2828346911124539,0.14936964487386256,0.009774125039838133,0.2131756239955032,0.015080524091948464,14
LightGBM,gfc,KR,momentum,static,Full Test,0.4276253278609684,0.2202407562184135,0.016554516380600678,0.290970790594133,0.017589415078096474,14
LightGBM,gfc,KR,momentum,static,Pre-Lehman,0.1897825690749834,0.1442325299674267,0.012686465948721573,0.16609313371064788,0.017589415078096474,14
LightGBM,gfc,KR,momentum,static,Lehman Crisis,0.7652088629429388,0.44223198245796674,0.029303577926088727,0.328606328785661,0.017589415078096474,14
LightGBM,gfc,KR,momentum,static,Recovery,0.30609115092011513,0.15408197525283934,0.011046073960590232,0.2307042740770215,0.017589415078096474,14
LightGBM,gfc,KR,momentum,expanding,Full Test,0.36447425083848356,0.2049632769977741,0.014154034443022956,0.24800065386248082,0.017589415078096474,14
LightGBM,gfc,KR,momentum,expanding,Pre-Lehman,0.18792474351875244,0.14061252617123257,0.012532780675245108,0.1644672095279048,0.017589415078096474,14
LightGBM,gfc,KR,momentum,expanding,Lehman Crisis,0.6299110803178198,0.39444033416876084,0.0209856265400416,0.27050492694055966,0.017589415078096474,14
LightGBM,gfc,KR,momentum,expanding,Recovery,0.28065146140329406,0.14669032363680543,0.009650495926656805,0.21153009970092282,0.017589415078096474,14
XGBoost,gfc,KR,momentum,static,Full Test,0.3978693743824289,0.20319347684865038,0.01450778761552652,0.270723829657928,0.019149399809136075,14
XGBoost,gfc,KR,momentum,static,Pre-Lehman,0.1817177983296183,0.13557205567769673,0.011749220407860328,0.15903504058710918,0.019149399809136075,14
XGBoost,gfc,KR,momentum,static,Lehman Crisis,0.7023555808063933,0.39558223317759417,0.023381014168044025,0.3016150231497254,0.019149399809136075,14
XGBoost,gfc,KR,momentum,static,Recovery,0.3079214239179278,0.1518686965386112,0.01090235322691573,0.2320837710080953,0.019149399809136075,14
XGBoost,gfc,KR,momentum,expanding,Full Test,0.3437618926079162,0.1955747018988175,0.01266514598677463,0.2339072621553916,0.019149399809136075,14
XGBoost,gfc,KR,momentum,expanding,Pre-Lehman,0.1846749976944385,0.1347769239341304,0.011705799513994232,0.1616231102496927,0.019149399809136075,14
XGBoost,gfc,KR,momentum,expanding,Lehman Crisis,0.5764892290179086,0.37047862843463447,0.01651455472658791,0.24756379376407897,0.019149399809136075,14
XGBoost,gfc,KR,momentum,expanding,Recovery,0.3020871938622741,0.14658377201209943,0.01028502159573266,0.22768644751232653,0.019149399809136075,14
Ridge,gfc,JP,momentum,static,Full Test,0.2759185391197779,0.1815976699924124,0.013458599132563785,0.20294692545661697,0.011856117580561132,14
Ridge,gfc,JP,momentum,static,Pre-Lehman,0.19240156476309106,0.14426491324069862,0.013777847863941636,0.17872428956505704,0.011856117580561132,14
Ridge,gfc,JP,momentum,static,Lehman Crisis,0.45290100592749,0.31059334555640167,0.016010665185286738,0.21289548994721558,0.011856117580561132,14
Ridge,gfc,JP,momentum,static,Recovery,0.16082732153410087,0.12491801552397006,0.008531749410458818,0.12959173738557403,0.011856117580561132,14
Ridge,gfc,JP,momentum,expanding,Full Test,0.28856370874655357,0.18343975798117848,0.013413092677234558,0.21224785284561523,0.011856117580561132,14
Ridge,gfc,JP,momentum,expanding,Pre-Lehman,0.19238205854745677,0.14422582983801155,0.013749557201098928,0.1787061699903247,0.011856117580561132,14
Ridge,gfc,JP,momentum,expanding,Lehman Crisis,0.4847060629914458,0.3203235306959038,0.016073917789871158,0.22784611517835957,0.011856117580561132,14
Ridge,gfc,JP,momentum,expanding,Recovery,0.15851318199163011,0.12184895286661429,0.008263290911637125,0.12772704573367794,0.011856117580561132,14
ElasticNet,gfc,JP,momentum,static,Full Test,0.2796745165020308,0.18215235972139002,0.013514697699311963,0.20570956715602784,0.011373966527423302,14
ElasticNet,gfc,JP,momentum,static,Pre-Lehman,0.1920397786536876,0.14373053574163935,0.013677881824986441,0.17838822179212985,0.011373966527423302,14
ElasticNet,gfc,JP,momentum,static,Lehman Crisis,0.4630565007257172,0.31504382615113824,0.016759665359194802,0.21766929042994432,0.011373966527423302,14
ElasticNet,gfc,JP,momentum,static,Recovery,0.15898854176888233,0.12362272425904747,0.008123420867643475,0.12811008201650426,0.011373966527423302,14
ElasticNet,gfc,JP,momentum,expanding,Full Test,0.28996829764968274,0.18240445278302014,0.013307303849395604,0.21328097298437038,0.011373966527423302,14
ElasticNet,gfc,JP,momentum,expanding,Pre-Lehman,0.19201079384797365,0.14362120687331084,0.013657795704645658,0.17836129743309054,0.011373966527423302,14
ElasticNet,gfc,JP,momentum,expanding,Lehman Crisis,0.48933711317747786,0.31919804434431553,0.01624707698739688,0.23002303615098219,0.011373966527423302,14
ElasticNet,gfc,JP,momentum,expanding,Recovery,0.1545973678875535,0.11939782523758892,0.007694052139831838,0.12457175378336945,0.011373966527423302,14
Huber,gfc,JP,momentum,static,Full Test,0.29495176766510345,0.18577676545763522,0.014073132273163402,0.21694647484213364,0.011928118755697478,14
Huber,gfc,JP,momentum,static,Pre-Lehman,0.19287931841872627,0.143421916917489,0.013631997426374208,0.1791680810840899,0.011928118755697478,14
Huber,gfc,JP,momentum,static,Lehman Crisis,0.49964543887807916,0.33121521505622487,0.019053738404187687,0.23486867796197952,0.011928118755697478,14
Huber,gfc,JP,momentum,static,Recovery,0.15912566686148005,0.12281974976128841,0.008286187515031435,0.1282205749279038,0.011928118755697478,14
Huber,gfc,JP,momentum,expanding,Full Test,0.2869638403151735,0.18306900753606237,0.013634213073509755,0.21107109835742646,0.011928118755697478,14
Huber,gfc,JP,momentum,expanding,Pre-Lehman,0.19294828004073958,0.14350312314420077,0.013626609698963567,0.17923214042225982,0.011928118755697478,14
Huber,gfc,JP,momentum,expanding,Lehman Crisis,0.4805918399821927,0.3206441748014162,0.01739518350137406,0.22591213951514966,0.011928118755697478,14
Huber,gfc,JP,momentum,expanding,Recovery,0.15692352033471973,0.12172070764379368,0.00809337548874046,0.1264461252158879,0.011928118755697478,14
LightGBM,gfc,JP,momentum,static,Full Test,0.4244087712283909,0.22547119815550212,0.020644071592402394,0.3121662485326223,0.011844307253829718,14
LightGBM,gfc,JP,momentum,static,Pre-Lehman,0.1944863085264581,0.14219976258248868,0.013971449063380393,0.18066083487585916,0.011844307253829718,14
LightGBM,gfc,JP,momentum,static,Lehman Crisis,0.7906661286676427,0.48329531315214963,0.04381554682000695,0.3716689754367994,0.011844307253829718,14
LightGBM,gfc,JP,momentum,static,Recovery,0.1820708831433031,0.1433184519750726,0.010342360742950113,0.14670941385331443,0.011844307253829718,14
LightGBM,gfc,JP,momentum,expanding,Full Test,0.3319138917839229,0.19759103608038686,0.015299281891166054,0.24413330133154143,0.011844307253829718,14
LightGBM,gfc,JP,momentum,expanding,Pre-Lehman,0.1938753939544441,0.1414208411816684,0.013954770715182776,0.1800933484679259,0.011844307253829718,14
LightGBM,gfc,JP,momentum,expanding,Lehman Crisis,0.5834721546437033,0.37992350403370545,0.02252645020104619,0.27427316037650024,0.011844307253829718,14
LightGBM,gfc,JP,momentum,expanding,Recovery,0.17418310004455356,0.12971107036956495,0.009436066416114525,0.14035358136081855,0.011844307253829718,14
XGBoost,gfc,JP,momentum,static,Full Test,0.3649963464476078,0.20988260423232685,0.017218278690900434,0.26846650663906224,0.011408675951217286,14
XGBoost,gfc,JP,momentum,static,Pre-Lehman,0.19504723108792177,0.14259930530692244,0.014060754884365399,0.18118188306183441,0.011408675951217286,14
XGBoost,gfc,JP,momentum,static,Lehman Crisis,0.6575866834657165,0.42090261207913315,0.029517356490750376,0.30911222833894964,0.011408675951217286,14
XGBoost,gfc,JP,momentum,static,Recovery,0.18069547243160144,0.13950848615182176,0.010368138758787603,0.1456011328594638,0.011408675951217286,14
XGBoost,gfc,JP,momentum,expanding,Full Test,0.31292660932449434,0.19019375637327596,0.014336585274713681,0.23016754676423204,0.011408675951217286,14
XGBoost,gfc,JP,momentum,expanding,Pre-Lehman,0.19428584051822415,0.14201731798016687,0.014038034239270502,0.18047461756314526,0.011408675951217286,14
XGBoost,gfc,JP,momentum,expanding,Lehman Crisis,0.5383742863919774,0.3477165845184573,0.01840857930505301,0.25307397417163824,0.011408675951217286,14
XGBoost,gfc,JP,momentum,expanding,Recovery,0.17393588672785895,0.1302881852867895,0.009381927058597793,0.14015438135605746,0.011408675951217286,14
Ridge,covid,US,momentum,static,Full Test,0.5422416063622917,0.21490975592171777,0.03817772267906857,0.4729600902363033,0.01749353568591589,14
Ridge,covid,US,momentum,static,Pre-crash,0.09632566108560671,0.07824618644952433,0.026157047968920544,0.19996177946183769,0.01749353568591589,14
Ridge,covid,US,momentum,static,Crash,1.7605345494642832,1.072098209032416,0.2428838192483555,0.4901508660171634,0.01749353568591589,14
Ridge,covid,US,momentum,static,Recovery,0.19770250623856755,0.1460673987144371,0.01797926219417356,0.19766154521334534,0.01749353568591589,14
Ridge,covid,US,momentum,expanding,Full Test,0.4747302769583616,0.2102528863725154,0.028931051692653593,0.41407459699452903,0.01749353568591589,14
Ridge,covid,US,momentum,expanding,Pre-crash,0.09619033353330492,0.07807129748204178,0.026057445407568915,0.19968085392378784,0.01749353568591589,14
Ridge,covid,US,momentum,expanding,Crash,1.5070720899339254,0.9758676209373556,0.12135353116416142,0.4195843190104893,0.01749353568591589,14
Ridge,covid,US,momentum,expanding,Recovery,0.20247220764554238,0.15060937692097862,0.019346177479509317,0.202430258408975,0.01749353568591589,14
ElasticNet,covid,US,momentum,static,Full Test,0.5234361626305292,0.2131204832325043,0.03276184197212143,0.4565573939843939,0.017070152225471823,14
ElasticNet,covid,US,momentum,static,Pre-crash,0.0974600329677446,0.07760909316594558,0.024041547460422003,0.20231661427498449,0.017070152225471823,14
ElasticNet,covid,US,momentum,static,Crash,1.6925877587550415,1.05456422591609,0.1847548456674621,0.4712337829531838,0.017070152225471823,14
ElasticNet,covid,US,momentum,static,Recovery,0.19703554936356532,0.14579017102403688,0.017727244213305418,0.19699472652190939,0.017070152225471823,14
ElasticNet,covid,US,momentum,expanding,Full Test,0.46074083459722753,0.20882868685702966,0.02735920198781626,0.40187256778126934,0.017070152225471823,14
ElasticNet,covid,US,momentum,expanding,Pre-crash,0.09737531017047969,0.07750449725372395,0.02397693807033095,0.20214073880098157,0.017070152225471823,14
ElasticNet,covid,US,momentum,expanding,Crash,1.4542456774598977,0.9605398711629434,0.10709490915545208,0.40487690424796535,0.017070152225471823,14
ElasticNet,covid,US,momentum,expanding,Recovery,0.20287845740920912,0.1505495814700063,0.019254667542981014,0.20283642400371976,0.017070152225471823,14
Huber,covid,US,momentum,static,Full Test,0.5491860994538887,0.22074995475866913,0.03666686637601903,0.47901729433261286,0.016091935639213135,14
Huber,covid,US,momentum,static,Pre-crash,0.09429992680042323,0.07422699919823263,0.023548532135530223,0.19575657154717674,0.016091935639213135,14
Huber,covid,US,momentum,static,Crash,1.7810685457445052,1.136559794191879,0.2296982364821946,0.49586774107798326,0.016091935639213135,14
Huber,covid,US,momentum,static,Recovery,0.20246639497933555,0.14729316734469974,0.017945423283245183,0.20242444694706632,0.016091935639213135,14
Huber,covid,US,momentum,expanding,Full Test,0.5277748134203073,0.21678777339314886,0.032168447706373005,0.4603417009150322,0.016091935639213135,14
Huber,covid,US,momentum,expanding,Pre-crash,0.09407893864620435,0.07402675747977211,0.023377191356244546,0.19529782375287588,0.016091935639213135,14
Huber,covid,US,momentum,expanding,Crash,1.7064985326889341,1.1068692064033596,0.1798324350547746,0.47510668501735587,0.016091935639213135,14
Huber,covid,US,momentum,expanding,Recovery,0.19914935238985434,0.14545926018353297,0.017620271862300415,0.19910809159958198,0.016091935639213135,14
LightGBM,covid,US,momentum,static,Full Test,0.39728143516914594,0.2035282266950227,0.019635837097340875,0.34652129460767633,0.016019121172992333,14
LightGBM,covid,US,momentum,static,Pre-crash,0.08053560959527101,0.0628621048143599,0.01659548089492759,0.16718331982587928,0.016019121172992333,14
LightGBM,covid,US,momentum,static,Crash,1.1846480095067518,0.8789023569159788,0.05520105996312422,0.32981814981247165,0.016019121172992333,14
LightGBM,covid,US,momentum,static,Recovery,0.22178549973745995,0.15530144300326812,0.01630012244579408,0.2217395490733965,0.016019121172992333,14
LightGBM,covid,US,momentum,expanding,Full Test,0.36742093427693245,0.1973285057396339,0.018750293521755827,0.32047603170129857,0.016019121172992333,14
LightGBM,covid,US,momentum,expanding,Pre-crash,0.08135427129149399,0.0635925942413882,0.017350031035328062,0.1688827740285191,0.016019121172992333,14
LightGBM,covid,US,momentum,expanding,Crash,1.0975859478271042,0.8626528134747866,0.04730462849301468,0.30557917935744466,0.016019121172992333,14
LightGBM,covid,US,momentum,expanding,Recovery,0.20347627535125878,0.14893760178130255,0.01588241931669612,0.20343411808676395,0.016019121172992333,14
XGBoost,covid,US,momentum,static,Full Test,0.4003143714975611,0.20104537011518847,0.01882096039497121,0.3491667165427276,0.016604133926759045,14
XGBoost,covid,US,momentum,static,Pre-crash,0.0770651034227925,0.05848037894061172,0.015519399136026957,0.15997891985539428,0.016604133926759045,14
XGBoost,covid,US,momentum,static,Crash,1.2360965044747805,0.9463380363115338,0.05605702105668533,0.3441419382161314,0.016604133926759045,14
XGBoost,covid,US,momentum,static,Recovery,0.19695473019347023,0.14551739459949542,0.015350113364591272,0.19691392409634692,0.016604133926759045,14
XGBoost,covid,US,momentum,expanding,Full Test,0.4053095375871068,0.20396197362397064,0.019285243633642982,0.3535236566534397,0.016604133926759045,14
XGBoost,covid,US,momentum,expanding,Pre-crash,0.07625824400950984,0.05891878174662128,0.0151643320755148,0.15830396593099663,0.016604133926759045,14
XGBoost,covid,US,momentum,expanding,Crash,1.2522725566546427,0.9588899447569422,0.05603354813224283,0.34864551696561463,0.016604133926759045,14
XGBoost,covid,US,momentum,expanding,Recovery,0.1990203847496624,0.14783189196727706,0.016017105665225736,0.1989791506795711,0.016604133926759045,14
Ridge,covid,KR,momentum,static,Full Test,0.26110861340248637,0.17405097324503851,0.024262230263472663,0.25604515964335234,0.01457339310117689,14
Ridge,covid,KR,momentum,static,Pre-crash,0.14515735376941108,0.1008700000095324,0.012087993776690054,0.18617767116608827,0.01457339310117689,14
Ridge,covid,KR,momentum,static,Crash,0.41368954057470214,0.30147450645705287,0.017927614851096115,0.21055192780586968,0.01457339310117689,14
Ridge,covid,KR,momentum,static,Recovery,0.2559365849524793,0.17345430587936353,0.027174340683771097,0.26654948254329414,0.01457339310117689,14
Ridge,covid,KR,momentum,expanding,Full Test,0.26149336338136414,0.17411186154527258,0.024269884098146337,0.25642244849828827,0.01457339310117689,14
Ridge,covid,KR,momentum,expanding,Pre-crash,0.14520882848747185,0.10087236128586569,0.01209474574872705,0.18624369223139173,0.01457339310117689,14
Ridge,covid,KR,momentum,expanding,Crash,0.416176432487103,0.3024797324866045,0.017964441244484385,0.2118176593147529,0.01457339310117689,14
Ridge,covid,KR,momentum,expanding,Recovery,0.25599765824687165,0.17342257622918547,0.0271789681718785,0.2666130883580725,0.01457339310117689,14
ElasticNet,covid,KR,momentum,static,Full Test,0.262134937430767,0.17419351966304325,0.024001751280306686,0.2570515810564286,0.014189609447884312,14
ElasticNet,covid,KR,momentum,static,Pre-crash,0.14387554826313317,0.09938729531488018,0.012022682942336825,0.18453363758563474,0.014189609447884312,14
ElasticNet,covid,KR,momentum,static,Crash,0.42545288028658856,0.3139041095002888,0.017644270320321138,0.2165390113814714,0.014189609447884312,14
ElasticNet,covid,KR,momentum,static,Recovery,0.25531366141929346,0.17254922521306174,0.026880785092747526,0.26590072830026334,0.014189609447884312,14
ElasticNet,covid,KR,momentum,expanding,Full Test,0.26264239134570166,0.17433939288592365,0.024027349214664453,0.2575491943559976,0.014189609447884312,14
ElasticNet,covid,KR,momentum,expanding,Pre-crash,0.1439157274196616,0.09938224382334353,0.012028701002501193,0.18458517105326575,0.014189609447884312,14
ElasticNet,covid,KR,momentum,expanding,Crash,0.4284846018226045,0.3150120794416088,0.01768590689583953,0.21808204003308285,0.014189609447884312,14
ElasticNet,covid,KR,momentum,expanding,Recovery,0.2554285967837873,0.17261738142509508,0.026908198048628193,0.26602042967838974,0.014189609447884312,14
Huber,covid,KR,momentum,static,Full Test,0.25574829645794533,0.16735608963469772,0.02305392067977009,0.2507887906943573,0.013842279633230353,14
Huber,covid,KR,momentum,static,Pre-crash,0.1381598265411757,0.09572246594629573,0.011290007725465305,0.17720269821815424,0.013842279633230353,14
Huber,covid,KR,momentum,static,Crash,0.41405413408631525,0.31192315928118386,0.017465569067755322,0.21073749175952683,0.013842279633230353,14
Huber,covid,KR,momentum,static,Recovery,0.24950619188546266,0.1646022790436449,0.025809609936296014,0.2598524409894986,0.013842279633230353,14
Huber,covid,KR,momentum,expanding,Full Test,0.25622516557341435,0.16752274034540712,0.023084508925349214,0.25125641229905343,0.013842279633230353,14
Huber,covid,KR,momentum,expanding,Pre-crash,0.13815934151936515,0.09564551904835435,0.011286496130000634,0.1772020761330252,0.013842279633230353,14
Huber,covid,KR,momentum,expanding,Crash,0.41855716249256164,0.3152919552074177,0.01756496350532107,0.21302935853136407,0.013842279633230353,14
Huber,covid,KR,momentum,expanding,Recovery,0.24931634654702783,0.16446310093548325,0.025838888621483546,0.259654723352794,0.013842279633230353,14
LightGBM,covid,KR,momentum,static,Full Test,0.274672956913154,0.16657736142650556,0.022002807250659145,0.26934646155901365,0.012799513592165341,14
LightGBM,covid,KR,momentum,static,Pre-crash,0.13411284366454934,0.09412714056122734,0.011055041377193518,0.1720120700642666,0.012799513592165341,14
LightGBM,covid,KR,momentum,static,Crash,0.5312917644410419,0.3615897765278837,0.02289861134771312,0.2704068975856628,0.012799513592165341,14
LightGBM,covid,KR,momentum,static,Recovery,0.2515908675606206,0.15845495003669197,0.02390051516489437,0.2620235617090593,0.012799513592165341,14
LightGBM,covid,KR,momentum,expanding,Full Test,0.27226121607386855,0.16727019904722276,0.021880743368517072,0.2669814895262398,0.012799513592165341,14
LightGBM,covid,KR,momentum,expanding,Pre-crash,0.13741140793939063,0.09485535798263801,0.011530159818735588,0.17624278245281816,0.012799513592165341,14
LightGBM,covid,KR,momentum,expanding,Crash,0.536354345162455,0.36730339453981437,0.022724856534584642,0.2729835547790875,0.012799513592165341,14
LightGBM,covid,KR,momentum,expanding,Recovery,0.2466571097926844,0.15859219035928548,0.023675243617240684,0.25688521628540084,0.012799513592165341,14
XGBoost,covid,KR,momentum,static,Full Test,0.28669830553635195,0.17234664001010216,0.022286794166955184,0.28113861298546816,0.012803793837002421,14
XGBoost,covid,KR,momentum,static,Pre-crash,0.13292514483153645,0.09492262243557825,0.011212942542636415,0.1704887369568838,0.012803793837002421,14
XGBoost,covid,KR,momentum,static,Crash,0.5868366444994443,0.39541458526699536,0.02353234269067106,0.2986770867710009,0.012803793837002421,14
XGBoost,covid,KR,momentum,static,Recovery,0.25550447723355535,0.16206233670131873,0.024169233166190202,0.26609945665542223,0.012803793837002421,14
XGBoost,covid,KR,momentum,expanding,Full Test,0.28886552778913077,0.1741737613789343,0.022578745367237547,0.2832638081694356,0.012803793837002421,14
XGBoost,covid,KR,momentum,expanding,Pre-crash,0.13549903451793835,0.09348323443977312,0.01133250959606329,0.17378998746337865,0.012803793837002421,14
XGBoost,covid,KR,momentum,expanding,Crash,0.6128809670537212,0.40226704964391946,0.02530109002960343,0.31193263660816356,0.012803793837002421,14
XGBoost,covid,KR,momentum,expanding,Recovery,0.2516948014646101,0.1639352686149028,0.024331083982244917,0.26213180543018366,0.012803793837002421,14
Ridge,covid,JP,momentum,static,Full Test,0.2538737048670556,0.14986752295979117,0.02089971191656727,0.29168110291124016,0.01974452855173392,14
Ridge,covid,JP,momentum,static,Pre-crash,0.13124870896931104,0.106027801065113,0.025290311272114077,0.2445532008723073,0.01974452855173392,14
Ridge,covid,JP,momentum,static,Crash,0.6085764828002844,0.3721680886007019,0.021378701778745585,0.2658674742334957,0.01974452855173392,14
Ridge,covid,JP,momentum,static,Recovery,0.20391511328866915,0.1349374158380012,0.02007180553960796,0.2598737980780255,0.01974452855173392,14
Ridge,covid,JP,momentum,expanding,Full Test,0.2537461597015194,0.14966453545891636,0.020848093629358758,0.29153456345543444,0.01974452855173392,14
Ridge,covid,JP,momentum,expanding,Pre-crash,0.1312117901245043,0.10600644918157702,0.025267132470504307,0.24448441069721988,0.01974452855173392,14
Ridge,covid,JP,momentum,expanding,Crash,0.6083134653341699,0.37277781211824756,0.021396337818593503,0.2657525703695255,0.01974452855173392,14
Ridge,covid,JP,momentum,expanding,Recovery,0.20379632516965843,0.13461918379560942,0.020008067170470246,0.2597224119489839,0.01974452855173392,14
ElasticNet,covid,JP,momentum,static,Full Test,0.25339374667851094,0.14894888957654073,0.021008328231307886,0.29112966835499376,0.01951555423581308,14
ElasticNet,covid,JP,momentum,static,Pre-crash,0.12875685882554835,0.10267486498394665,0.0242906423745,0.2399101843159024,0.01951555423581308,14
ElasticNet,covid,JP,momentum,static,Crash,0.6048469306057878,0.36289524027058667,0.020590107082905224,0.2642381529402866,0.01951555423581308,14
ElasticNet,covid,JP,momentum,static,Recovery,0.20456557427179703,0.13530406241723283,0.020468703688804178,0.26070275951919003,0.01951555423581308,14
ElasticNet,covid,JP,momentum,expanding,Full Test,0.2531512177038665,0.1486257153208573,0.02094511503310189,0.2908510214630312,0.01951555423581308,14
ElasticNet,covid,JP,momentum,expanding,Pre-crash,0.12874971057208903,0.10269083667099752,0.024279485428527228,0.2398968651124005,0.01951555423581308,14
ElasticNet,covid,JP,momentum,expanding,Crash,0.6044690462711033,0.36172838671030955,0.020590076074012614,0.2640730674391961,0.01951555423581308,14
ElasticNet,covid,JP,momentum,expanding,Recovery,0.20429606987244828,0.1350068994017486,0.020389800609304363,0.26035929732686913,0.01951555423581308,14
Huber,covid,JP,momentum,static,Full Test,0.261743125756156,0.15089400951902562,0.021309362123574465,0.3007224542611468,0.019762170746045752,14
Huber,covid,JP,momentum,static,Pre-crash,0.12572167235400203,0.10258110235189244,0.02370868896662701,0.23425477960609653,0.019762170746045752,14
Huber,covid,JP,momentum,static,Crash,0.6348187779180786,0.3754756412612384,0.022782149912801575,0.2773318881867828,0.019762170746045752,14
Huber,covid,JP,momentum,static,Recovery,0.20902685021680323,0.13652451991372108,0.020733229038541943,0.2663883053593439,0.019762170746045752,14
Huber,covid,JP,momentum,expanding,Full Test,0.26140419254401925,0.15072371272629248,0.021230111384686102,0.3003330464129371,0.019762170746045752,14
Huber,covid,JP,momentum,expanding,Pre-crash,0.12570517359198047,0.10257702517602087,0.023694449802824282,0.23422403777941886,0.019762170746045752,14
Huber,covid,JP,momentum,expanding,Crash,0.6348618377248286,0.375321298082646,0.022818038103863472,0.27735069963018416,0.019762170746045752,14
Huber,covid,JP,momentum,expanding,Recovery,0.20847180191876716,0.13632310287354113,0.02063068248434777,0.2656809398924048,0.019762170746045752,14
LightGBM,covid,JP,momentum,static,Full Test,0.2540804826681746,0.15181919791014806,0.019788049195076814,0.29191867449085507,0.017992138622773476,14
LightGBM,covid,JP,momentum,static,Pre-crash,0.1157464910770315,0.0906534429498118,0.02069842102297484,0.21566821574789466,0.017992138622773476,14
LightGBM,covid,JP,momentum,static,Crash,0.6156042656450139,0.4468098747187565,0.0258215793044655,0.268937686322192,0.017992138622773476,14
LightGBM,covid,JP,momentum,static,Recovery,0.20375543182854877,0.1325377304602961,0.01901020326820036,0.2596702965971648,0.017992138622773476,14
LightGBM,covid,JP,momentum,expanding,Full Test,0.24787289757451245,0.15189811765013667,0.0198682655308697,0.2847866429656409,0.017992138622773476,14
LightGBM,covid,JP,momentum,expanding,Pre-crash,0.11220761497369615,0.08771511335807215,0.01939112159331685,0.20907429581254858,0.017992138622773476,14
LightGBM,covid,JP,momentum,expanding,Crash,0.6000104057690141,0.45307662103611857,0.026257371038524723,0.26212523093498036,0.017992138622773476,14
LightGBM,covid,JP,momentum,expanding,Recovery,0.19901945509082525,0.1325198788184403,0.019300269537825605,0.25363466616942354,0.017992138622773476,14
XGBoost,covid,JP,momentum,static,Full Test,0.24683551244058796,0.15281918096320618,0.020154852320552984,0.28359476828856367,0.018815454221834903,14
XGBoost,covid,JP,momentum,static,Pre-crash,0.11796752773302864,0.09364650013948106,0.020835088130015715,0.21980663072922474,0.018815454221834903,14
XGBoost,covid,JP,momentum,static,Crash,0.5896103991505146,0.44349032202096883,0.023991706100113596,0.2575818028370867,0.018815454221834903,14
XGBoost,covid,JP,momentum,static,Recovery,0.19995163574238703,0.13362534648517094,0.01964222864569319,0.25482265720407177,0.018815454221834903,14
XGBoost,covid,JP,momentum,expanding,Full Test,0.23728339361608208,0.14940127912763818,0.019615460267300523,0.2726201281408961,0.018815454221834903,14
XGBoost,covid,JP,momentum,expanding,Pre-crash,0.11738055804731545,0.0936469579785799,0.020588095762461997,0.21871294137728042,0.018815454221834903,14
XGBoost,covid,JP,momentum,expanding,Crash,0.556922714731993,0.4011333889852584,0.023726032450844217,0.2433016057862488,0.018815454221834903,14
XGBoost,covid,JP,momentum,expanding,Recovery,0.19472113466300686,0.1335786044535744,0.01902299874672171,0.2481567943387455,0.018815454221834903,14
