date,feature_set,protocol,RV_target,RV_pred
2020-01-06,core,static,0.443829037,0.5803461179035996
2020-01-07,core,static,0.447919573,0.5068607335084677
2020-01-08,core,static,1.027152773,0.7110152741455233
2020-01-09,core,static,0.400295234,0.698348050157443
2020-01-10,core,static,0.508165364,0.43445420588044514
2020-01-14,core,static,0.471203499,0.3896050334842788
2020-01-15,core,static,0.343579157,0.431423546847681
2020-01-16,core,static,0.330707564,0.3319083448774834
2020-01-17,core,static,0.275326113,0.31941281406664956
2020-01-20,core,static,0.247012754,0.21749967778303747
2020-01-21,core,static,0.602698829,0.44053238473703604
2020-01-22,core,static,0.333309522,0.4846165806196595
2020-01-23,core,static,0.519067395,0.38254919137847765
2020-01-24,core,static,0.357799229,0.3827566373679102
2020-01-27,core,static,0.54408387,0.4650023014291299
2020-01-28,core,static,0.604298524,0.4273273904419153
2020-01-29,core,static,0.416585653,0.4900533717616874
2020-01-30,core,static,0.649670362,0.8458807919955805
2020-01-31,core,static,0.766731377,0.6485620871034454
2020-02-03,core,static,0.71047625,0.6890542887405213
2020-02-04,core,static,0.551705316,0.6564512566546991
2020-02-05,core,static,0.552148388,0.5186478050244214
2020-02-06,core,static,0.612367349,0.7553903527629496
2020-02-07,core,static,0.595072367,0.5699228458513009
2020-02-10,core,static,0.569252315,0.5362714626419832
2020-02-12,core,static,0.597908773,0.5112074224031059
2020-02-13,core,static,0.505251332,0.48676228004533406
2020-02-14,core,static,0.432818531,0.4866008154516067
2020-02-17,core,static,0.685831233,0.5520182824362944
2020-02-18,core,static,0.550133498,0.7010170529246182
2020-02-19,core,static,0.453024339,0.5750233319484102
2020-02-20,core,static,0.909203928,0.7341930082504391
2020-02-21,core,static,0.69606655,0.6735780542939597
2020-02-25,core,static,1.977907045,1.3126134413298536
2020-02-26,core,static,1.144741078,1.0845722478399311
2020-02-27,core,static,0.999743708,1.2109956195970633
2020-02-28,core,static,1.812671215,1.5973241966898817
2020-03-02,core,static,1.690420042,1.7097606776133403
2020-03-03,core,static,1.299304182,1.6219086695631417
2020-03-04,core,static,1.276170519,1.1648351257700842
2020-03-05,core,static,0.896021844,0.9051031489291729
2020-03-06,core,static,0.924346866,1.3463264910039985
2020-03-09,core,static,2.136873712,2.2010193328606307
2020-03-10,core,static,2.992283522,2.327515854701633
2020-03-11,core,static,1.907355177,1.8829796945272266
2020-03-12,core,static,2.338532313,2.38069829202318
2020-03-13,core,static,6.204045398,4.02076318447666
2020-03-16,core,static,3.785798664,2.9519459059930178
2020-03-17,core,static,4.355636836,3.271998707975572
2020-03-18,core,static,2.641051938,2.585628958950568
2020-03-19,core,static,2.735579004,2.6424206885039996
2020-03-23,core,static,2.372933879,2.1502569269929035
2020-03-24,core,static,3.043653469,2.5009490100166256
2020-03-25,core,static,3.030864193,2.7942316960092466
2020-03-26,core,static,2.714886874,2.5844119573140603
2020-03-27,core,static,2.881819608,1.923351114362764
2020-03-30,core,static,1.653753133,1.955434761837655
2020-03-31,core,static,1.782464038,1.7534495078023395
2020-04-01,core,static,1.90831348,2.7426906358807077
2020-04-02,core,static,2.137783925,1.7076148728836584
2020-04-03,core,static,1.416143394,1.6430117425394504
2020-04-06,core,static,2.191153262,2.157918745283705
2020-04-07,core,static,2.200023272,1.8494869662741564
2020-04-08,core,static,2.17473622,2.0319507193692
2020-04-09,core,static,1.129311095,1.363991708839013
2020-04-10,core,static,0.94408103,1.1921057504938388
2020-04-13,core,static,0.975749801,1.363939084712165
2020-04-14,core,static,1.2967237,1.5698663339966203
2020-04-15,core,static,1.249582365,1.0391648334552115
2020-04-16,core,static,0.833278258,1.062661900019784
2020-04-17,core,static,1.198615318,1.1034234970890364
2020-04-20,core,static,0.817113554,0.9515773080129146
2020-04-21,core,static,1.104070623,1.1480260799807405
2020-04-22,core,static,1.151931086,1.0613604489613109
2020-04-23,core,static,0.868628915,0.9331652519798938
2020-04-24,core,static,0.661546247,0.8703357679400844
2020-04-27,core,static,0.899870304,1.0513001921377891
2020-04-28,core,static,0.776415023,0.8211120421773275
2020-04-30,core,static,1.134217036,0.8891530838349164
2020-05-01,core,static,0.884076521,1.3704478776103235
2020-05-07,core,static,0.718969849,0.9152069290631928
2020-05-08,core,static,0.964118011,0.8690414936164824
2020-05-11,core,static,0.701833851,0.8584068969150155
2020-05-12,core,static,0.765501596,0.6851622368733115
2020-05-13,core,static,0.738572469,0.8546521496361796
2020-05-14,core,static,0.786095812,0.9313033128898955
2020-05-15,core,static,1.065849985,0.9679001147323442
2020-05-18,core,static,0.718953333,0.7777370145380393
2020-05-19,core,static,0.986823879,0.728171435902484
2020-05-20,core,static,0.542957235,0.8139815036470094
2020-05-21,core,static,0.637151059,0.7344031774500306
2020-05-22,core,static,0.880887866,0.8354468902565584
2020-05-25,core,static,0.480314406,0.6532643459750813
2020-05-26,core,static,0.680123899,0.8613318771017681
2020-05-27,core,static,1.099315168,0.8131374750726548
2020-05-28,core,static,1.240934257,0.9360740839985258
2020-05-29,core,static,0.74741215,0.8760109694994104
2020-06-01,core,static,0.779882255,0.7669656337056691
2020-06-02,core,static,0.740833639,0.8006724605106591
2020-06-03,core,static,1.175509488,0.8919312651970961
2020-06-04,core,static,1.019072518,1.061891457398921
2020-06-05,core,static,0.752184971,0.8870962963421154
2020-06-08,core,static,0.705807737,0.6253830281375384
2020-06-09,core,static,0.800625867,0.749086710711702
2020-06-10,core,static,0.644006769,0.798306709332645
2020-06-11,core,static,1.057786066,1.163237721374835
2020-06-12,core,static,1.873530721,1.2427956753929075
2020-06-15,core,static,1.253188413,1.8226169512514034
2020-06-16,core,static,1.762280922,1.4709962518614077
2020-06-17,core,static,1.132329186,1.013558813303629
2020-06-18,core,static,1.039238823,1.0554452046888543
2020-06-19,core,static,0.711312978,0.8476013733232824
2020-06-22,core,static,0.740172733,0.8455885247826418
2020-06-23,core,static,1.328171393,1.02958748812475
2020-06-24,core,static,0.650854447,0.8303488668596112
2020-06-25,core,static,0.837126421,0.8377833689662403
2020-06-26,core,static,0.52225455,0.7121656341414376
2020-06-29,core,static,1.042937423,0.902568369789739
2020-06-30,core,static,0.802324787,0.7237397185374299
2020-07-01,core,static,0.675392123,0.8848374520200467
2020-07-02,core,static,0.864374712,0.6884823314729296
2020-07-03,core,static,0.543806561,0.6747103031092696
2020-07-06,core,static,0.722722416,0.8802198025184355
2020-07-07,core,static,0.679454142,0.6730898118089772
2020-07-08,core,static,0.638745327,0.7197610315825144
2020-07-09,core,static,0.744665426,0.7103923011983131
2020-07-10,core,static,0.674234845,0.8127896144325526
2020-07-13,core,static,0.493799481,0.657313173896724
2020-07-14,core,static,0.443172384,0.5387803439605166
2020-07-15,core,static,0.5759464,0.5092312961547192
2020-07-16,core,static,0.500501004,0.6156084348180694
2020-07-17,core,static,0.604128131,0.5920852486677205
2020-07-20,core,static,0.543316422,0.5752124775215648
2020-07-21,core,static,0.495727185,0.47322967712313585
2020-07-22,core,static,0.400900443,0.4746322943659427
2020-07-27,core,static,0.530159459,0.6463394931266395
2020-07-28,core,static,0.402418128,0.5343215793671068
2020-07-29,core,static,0.555561983,0.5700770154148983
2020-07-30,core,static,0.4355534,0.5300198316270361
2020-07-31,core,static,0.827835813,1.174917564467607
2020-08-03,core,static,0.800551802,0.7201497435614141
2020-08-04,core,static,0.531000254,0.6320746672924398
2020-08-05,core,static,0.685309929,0.577229066270075
2020-08-06,core,static,0.662495102,0.6742500311687746
2020-08-07,core,static,0.582473762,0.6847071182211738
2020-08-12,core,static,0.801026568,0.5754949467010119
2020-08-13,core,static,0.492186934,0.6408417091431278
2020-08-14,core,static,0.376563669,0.4676393192430722
2020-08-17,core,static,0.46562209,0.5106473860344108
2020-08-18,core,static,0.498476245,0.491368018156751
2020-08-19,core,static,0.479517149,0.520376356855043
2020-08-20,core,static,0.535003939,0.5915250899510129
2020-08-21,core,static,0.663627343,0.5503415458974891
2020-08-24,core,static,0.472725062,0.5010082266993023
2020-08-25,core,static,0.44046512,0.5040326020515766
2020-08-26,core,static,0.527012451,0.44412445563272485
2020-08-27,core,static,0.406005229,0.49469677868781087
2020-08-28,core,static,2.412221136,1.2873235943605201
2020-08-31,core,static,0.603577303,0.9590377759353271
2020-09-01,core,static,0.622983314,0.5842009014239096
2020-09-02,core,static,0.36441459,0.5567578584410102
2020-09-03,core,static,0.494984937,0.5385142162059277
2020-09-04,core,static,0.561056863,0.627925422175946
2020-09-07,core,static,0.521269186,0.47905131576428883
2020-09-08,core,static,0.344895876,0.45448435250233954
2020-09-09,core,static,0.600426628,0.4893091226868793
2020-09-10,core,static,0.439098721,0.46056424883594266
2020-09-11,core,static,0.581854672,0.6258104873340093
2020-09-14,core,static,0.425250076,0.4726153495580236
2020-09-15,core,static,0.443537497,0.40987591451830574
2020-09-16,core,static,0.267471841,0.39795163233457553
2020-09-17,core,static,0.529964483,0.44526896180225173
2020-09-18,core,static,0.432305221,0.41602940413014056
2020-09-23,core,static,0.522525649,0.4997703885341426
2020-09-24,core,static,0.533882402,0.56365258035596
2020-09-25,core,static,0.402366718,0.42845646353600453
2020-09-29,core,static,0.502545224,0.5525199641012473
2020-09-30,core,static,0.857744631,0.7598044391466604
2020-10-02,core,static,0.866890333,0.9143698837760645
2020-10-05,core,static,0.368427867,0.5383270123498087
2020-10-06,core,static,0.334132409,0.3817218308695522
2020-10-07,core,static,0.367056242,0.4438780257561886
2020-10-08,core,static,0.447617028,0.5246797929675866
2020-10-09,core,static,0.470266114,0.47099777855899994
2020-10-12,core,static,0.320500851,0.3539582795616184
2020-10-13,core,static,0.461010767,0.38536740364677546
2020-10-14,core,static,0.376136179,0.39923820694403556
2020-10-15,core,static,0.366601903,0.39349999890313625
2020-10-16,core,static,0.676502477,0.4167231749151501
2020-10-19,core,static,0.530363974,0.4757787736715884
2020-10-20,core,static,0.36092951,0.46021880602272963
2020-10-21,core,static,0.317726374,0.330639369279906
2020-10-22,core,static,0.413788753,0.3902250595488379
2020-10-23,core,static,0.441330118,0.3889425675926883
2020-10-26,core,static,0.350291331,0.34399793604274126
2020-10-27,core,static,0.544900064,0.4817619570530575
2020-10-28,core,static,0.34893918,0.40624137117091974
2020-10-29,core,static,0.446378939,0.47540890749832004
2020-10-30,core,static,0.845057097,0.7598445586586584
2020-11-02,core,static,0.670739524,0.6622707730574269
2020-11-04,core,static,1.091689791,0.665397459921484
2020-11-05,core,static,0.768100943,0.856868664132362
2020-11-06,core,static,0.713393996,0.8056041233157383
2020-11-09,core,static,0.654973015,0.8553170479621237
2020-11-10,core,static,1.208213665,0.8662311592592233
2020-11-11,core,static,0.657095434,0.7891017161458226
2020-11-12,core,static,0.752305459,0.6988192635582539
2020-11-13,core,static,0.531648173,0.7080805721332387
2020-11-16,core,static,0.532439433,0.6458094225652864
2020-11-17,core,static,0.580677804,0.5559872627995105
2020-11-18,core,static,0.636016558,0.6204482921427787
2020-11-19,core,static,0.588488078,0.5642087531013062
2020-11-20,core,static,0.426254578,0.4944047098242187
2020-11-24,core,static,0.69639187,0.6337799162309876
2020-11-25,core,static,0.85738196,0.8260323306896254
2020-11-26,core,static,0.606193625,0.7344177899367218
2020-11-27,core,static,0.739621162,0.6234784642730214
2020-11-30,core,static,0.775589123,0.8623172508028316
2020-12-01,core,static,0.531484319,0.6370570807875164
2020-12-02,core,static,0.736963622,0.5550178405582168
2020-12-03,core,static,0.598062175,0.5667750924471568
2020-12-04,core,static,0.434678155,0.5420768605716456
2020-12-08,core,static,0.600967067,0.5405141042102097
2020-12-09,core,static,0.738760835,0.6449656903032106
2020-12-10,core,static,0.457992257,0.621775334762213
2020-12-11,core,static,0.646048334,0.5971677946266052
2020-12-14,core,static,0.535721614,0.5667250227665612
2020-12-15,core,static,0.42590571,0.4507184528815709
2020-12-16,core,static,0.26991797,0.44570580182618025
2020-12-17,core,static,0.41333417,0.39845231421150923
2020-12-18,core,static,0.305366994,0.38781410893745805
2020-12-22,core,static,0.650441839,0.525034725665952
2020-12-23,core,static,0.517138735,0.4706929277666362
2020-12-24,core,static,0.48816684,0.4448793553123241
2020-12-25,core,static,0.213239076,0.3677224537745698
2020-12-28,core,static,0.473900025,0.36648999829137197
2020-12-29,core,static,0.711482416,0.9243094119693482
2020-12-30,core,static,0.632035233,0.5742321727147832
2020-01-06,core,expanding,0.443829037,0.5803461179035996
2020-01-07,core,expanding,0.447919573,0.5068607335084676
2020-01-08,core,expanding,1.027152773,0.7110152741455235
2020-01-09,core,expanding,0.400295234,0.698348050157443
2020-01-10,core,expanding,0.508165364,0.4344542058804452
2020-01-14,core,expanding,0.471203499,0.3895528776935808
2020-01-15,core,expanding,0.343579157,0.43163128621511543
2020-01-16,core,expanding,0.330707564,0.3323889407341317
2020-01-17,core,expanding,0.275326113,0.319490024096478
2020-01-20,core,expanding,0.247012754,0.21763330251128488
2020-01-21,core,expanding,0.602698829,0.44053097803769714
2020-01-22,core,expanding,0.333309522,0.4840341339171115
2020-01-23,core,expanding,0.519067395,0.38237384277457337
2020-01-24,core,expanding,0.357799229,0.3825218530268081
2020-01-27,core,expanding,0.54408387,0.46487266610425554
2020-01-28,core,expanding,0.604298524,0.42740634482442913
2020-01-29,core,expanding,0.416585653,0.48953314913842855
2020-01-30,core,expanding,0.649670362,0.8464293043926
2020-01-31,core,expanding,0.766731377,0.6481221455124868
2020-02-03,core,expanding,0.71047625,0.6891037584349607
2020-02-04,core,expanding,0.551705316,0.6563319862431355
2020-02-05,core,expanding,0.552148388,0.5184847787038165
2020-02-06,core,expanding,0.612367349,0.7549047190712376
2020-02-07,core,expanding,0.595072367,0.5701926839593551
2020-02-10,core,expanding,0.569252315,0.5368268845210089
2020-02-12,core,expanding,0.597908773,0.510750222234821
2020-02-13,core,expanding,0.505251332,0.48667886428063223
2020-02-14,core,expanding,0.432818531,0.48716820345302436
2020-02-17,core,expanding,0.685831233,0.5527349848210996
2020-02-18,core,expanding,0.550133498,0.7010868654569804
2020-02-19,core,expanding,0.453024339,0.5745139062251648
2020-02-20,core,expanding,0.909203928,0.7337984119989783
2020-02-21,core,expanding,0.69606655,0.673227065514837
2020-02-25,core,expanding,1.977907045,1.3123882024771447
2020-02-26,core,expanding,1.144741078,1.0828230380590065
2020-02-27,core,expanding,0.999743708,1.2114084639088296
2020-02-28,core,expanding,1.812671215,1.5987018781649807
2020-03-02,core,expanding,1.690420042,1.7094918075701075
2020-03-03,core,expanding,1.299304182,1.6224439105291002
2020-03-04,core,expanding,1.276170519,1.1649938836904985
2020-03-05,core,expanding,0.896021844,0.9049026753451195
2020-03-06,core,expanding,0.924346866,1.3481003136584697
2020-03-09,core,expanding,2.136873712,2.2036749709917345
2020-03-10,core,expanding,2.992283522,2.3255748555058973
2020-03-11,core,expanding,1.907355177,1.8816771988194196
2020-03-12,core,expanding,2.338532313,2.379669491610999
2020-03-13,core,expanding,6.204045398,4.020839223605808
2020-03-16,core,expanding,3.785798664,2.9526630793872255
2020-03-17,core,expanding,4.355636836,3.2740545473240035
2020-03-18,core,expanding,2.641051938,2.585887604172975
2020-03-19,core,expanding,2.735579004,2.650053048280914
2020-03-23,core,expanding,2.372933879,2.154908321682676
2020-03-24,core,expanding,3.043653469,2.503040524868937
2020-03-25,core,expanding,3.030864193,2.7969406374380466
2020-03-26,core,expanding,2.714886874,2.585713114032432
2020-03-27,core,expanding,2.881819608,1.9306188725012516
2020-03-30,core,expanding,1.653753133,1.9609308801781231
2020-03-31,core,expanding,1.782464038,1.7587195229052095
2020-04-01,core,expanding,1.90831348,2.748819897767809
2020-04-02,core,expanding,2.137783925,1.7096166183809922
2020-04-03,core,expanding,1.416143394,1.6448833569451704
2020-04-06,core,expanding,2.191153262,2.1665580177139296
2020-04-07,core,expanding,2.200023272,1.8533812663438924
2020-04-08,core,expanding,2.17473622,2.037112588896283
2020-04-09,core,expanding,1.129311095,1.3636034240675847
2020-04-10,core,expanding,0.94408103,1.1912780168591233
2020-04-13,core,expanding,0.975749801,1.362675644140229
2020-04-14,core,expanding,1.2967237,1.5747445030504852
2020-04-15,core,expanding,1.249582365,1.0352410466573232
2020-04-16,core,expanding,0.833278258,1.0581095547003947
2020-04-17,core,expanding,1.198615318,1.1001528267904097
2020-04-20,core,expanding,0.817113554,0.9457192864761449
2020-04-21,core,expanding,1.104070623,1.143170250141575
2020-04-22,core,expanding,1.151931086,1.0571253045552538
2020-04-23,core,expanding,0.868628915,0.9293626070912437
2020-04-24,core,expanding,0.661546247,0.8649864292016163
2020-04-27,core,expanding,0.899870304,1.0512360077944294
2020-04-28,core,expanding,0.776415023,0.8174867948231165
2020-04-30,core,expanding,1.134217036,0.8878626470157038
2020-05-01,core,expanding,0.884076521,1.3670335874140336
2020-05-07,core,expanding,0.718969849,0.9119911951826516
2020-05-08,core,expanding,0.964118011,0.8681265463143981
2020-05-11,core,expanding,0.701833851,0.8567752278997562
2020-05-12,core,expanding,0.765501596,0.6822250671981384
2020-05-13,core,expanding,0.738572469,0.8527184361694672
2020-05-14,core,expanding,0.786095812,0.9282239110390851
2020-05-15,core,expanding,1.065849985,0.96776966318756
2020-05-18,core,expanding,0.718953333,0.7765803183176692
2020-05-19,core,expanding,0.986823879,0.7288854880168582
2020-05-20,core,expanding,0.542957235,0.81444813095524
2020-05-21,core,expanding,0.637151059,0.7332053907231895
2020-05-22,core,expanding,0.880887866,0.8343045697079016
2020-05-25,core,expanding,0.480314406,0.6533606924383834
2020-05-26,core,expanding,0.680123899,0.8650853555835479
2020-05-27,core,expanding,1.099315168,0.8130797027743413
2020-05-28,core,expanding,1.240934257,0.9384649510843566
2020-05-29,core,expanding,0.74741215,0.8761543067777217
2020-06-01,core,expanding,0.779882255,0.7680231260607003
2020-06-02,core,expanding,0.740833639,0.8032379744189514
2020-06-03,core,expanding,1.175509488,0.8953577036791027
2020-06-04,core,expanding,1.019072518,1.0645736325962505
2020-06-05,core,expanding,0.752184971,0.8883523295859121
2020-06-08,core,expanding,0.705807737,0.6262899543871914
2020-06-09,core,expanding,0.800625867,0.7495934915357372
2020-06-10,core,expanding,0.644006769,0.799636390298054
2020-06-11,core,expanding,1.057786066,1.162247297369451
2020-06-12,core,expanding,1.873530721,1.2444447374041194
2020-06-15,core,expanding,1.253188413,1.8249904664511458
2020-06-16,core,expanding,1.762280922,1.4844292076038257
2020-06-17,core,expanding,1.132329186,1.016273098749695
2020-06-18,core,expanding,1.039238823,1.0591529626910172
2020-06-19,core,expanding,0.711312978,0.8506591739333457
2020-06-22,core,expanding,0.740172733,0.8469491251663838
2020-06-23,core,expanding,1.328171393,1.0331324568603242
2020-06-24,core,expanding,0.650854447,0.8297549754087974
2020-06-25,core,expanding,0.837126421,0.8351656731498012
2020-06-26,core,expanding,0.52225455,0.7103706902649543
2020-06-29,core,expanding,1.042937423,0.8988198098059825
2020-06-30,core,expanding,0.802324787,0.7242299786657134
2020-07-01,core,expanding,0.675392123,0.8832863277688492
2020-07-02,core,expanding,0.864374712,0.6850123476186228
2020-07-03,core,expanding,0.543806561,0.6715746483550682
2020-07-06,core,expanding,0.722722416,0.8827967436355687
2020-07-07,core,expanding,0.679454142,0.6705287558138902
2020-07-08,core,expanding,0.638745327,0.7169347417140234
2020-07-09,core,expanding,0.744665426,0.7074478830785179
2020-07-10,core,expanding,0.674234845,0.8085765522746342
2020-07-13,core,expanding,0.493799481,0.6573633054239354
2020-07-14,core,expanding,0.443172384,0.5349466060716545
2020-07-15,core,expanding,0.5759464,0.5084933938205639
2020-07-16,core,expanding,0.500501004,0.6114995194777583
2020-07-17,core,expanding,0.604128131,0.5880314227889386
2020-07-20,core,expanding,0.543316422,0.5720647706734208
2020-07-21,core,expanding,0.495727185,0.47190181700801404
2020-07-22,core,expanding,0.400900443,0.47203305846373417
2020-07-27,core,expanding,0.530159459,0.6445618019066538
2020-07-28,core,expanding,0.402418128,0.5328132183671277
2020-07-29,core,expanding,0.555561983,0.5677982197891409
2020-07-30,core,expanding,0.4355534,0.527089809411016
2020-07-31,core,expanding,0.827835813,1.1732985519697976
2020-08-03,core,expanding,0.800551802,0.7231282146503186
2020-08-04,core,expanding,0.531000254,0.6353102194548687
2020-08-05,core,expanding,0.685309929,0.5777614425694766
2020-08-06,core,expanding,0.662495102,0.674393172109876
2020-08-07,core,expanding,0.582473762,0.684800266562238
2020-08-12,core,expanding,0.801026568,0.5804912852682809
2020-08-13,core,expanding,0.492186934,0.6437962329200224
2020-08-14,core,expanding,0.376563669,0.46647354014500014
2020-08-17,core,expanding,0.46562209,0.5092773470741873
2020-08-18,core,expanding,0.498476245,0.4911237676709556
2020-08-19,core,expanding,0.479517149,0.5206176503130825
2020-08-20,core,expanding,0.535003939,0.5887655567310706
2020-08-21,core,expanding,0.663627343,0.5477620881765457
2020-08-24,core,expanding,0.472725062,0.4995448404346632
2020-08-25,core,expanding,0.44046512,0.506297457066095
2020-08-26,core,expanding,0.527012451,0.44327611983906323
2020-08-27,core,expanding,0.406005229,0.49267291829192583
2020-08-28,core,expanding,2.412221136,1.2900492487370552
2020-08-31,core,expanding,0.603577303,0.9628766929686026
2020-09-01,core,expanding,0.622983314,0.5865224096539811
2020-09-02,core,expanding,0.36441459,0.5599863918026704
2020-09-03,core,expanding,0.494984937,0.5419046086347807
2020-09-04,core,expanding,0.561056863,0.6284528193841801
2020-09-07,core,expanding,0.521269186,0.4756219519644958
2020-09-08,core,expanding,0.344895876,0.45383351631962676
2020-09-09,core,expanding,0.600426628,0.486529526704258
2020-09-10,core,expanding,0.439098721,0.45853963919787627
2020-09-11,core,expanding,0.581854672,0.6250497338001433
2020-09-14,core,expanding,0.425250076,0.47086477543100613
2020-09-15,core,expanding,0.443537497,0.40757215292211574
2020-09-16,core,expanding,0.267471841,0.39609055786111697
2020-09-17,core,expanding,0.529964483,0.4418522401234253
2020-09-18,core,expanding,0.432305221,0.4116588658059838
2020-09-23,core,expanding,0.522525649,0.4980334090274648
2020-09-24,core,expanding,0.533882402,0.5599933637304129
2020-09-25,core,expanding,0.402366718,0.42501491678261394
2020-09-29,core,expanding,0.502545224,0.5548088497978547
2020-09-30,core,expanding,0.857744631,0.759465640023646
2020-10-02,core,expanding,0.866890333,0.9141586862359511
2020-10-05,core,expanding,0.368427867,0.5381686724663357
2020-10-06,core,expanding,0.334132409,0.3829675808328421
2020-10-07,core,expanding,0.367056242,0.44507843314967604
2020-10-08,core,expanding,0.447617028,0.5265728242187059
2020-10-09,core,expanding,0.470266114,0.4686325637280152
2020-10-12,core,expanding,0.320500851,0.3502923747671589
2020-10-13,core,expanding,0.461010767,0.38431507228432504
2020-10-14,core,expanding,0.376136179,0.3979197827540054
2020-10-15,core,expanding,0.366601903,0.3906602547388515
2020-10-16,core,expanding,0.676502477,0.41341258460228725
2020-10-19,core,expanding,0.530363974,0.4750524772411755
2020-10-20,core,expanding,0.36092951,0.45977929147713364
2020-10-21,core,expanding,0.317726374,0.32993520513179464
2020-10-22,core,expanding,0.413788753,0.38797239776353465
2020-10-23,core,expanding,0.441330118,0.3863640409906303
2020-10-26,core,expanding,0.350291331,0.3411266925052999
2020-10-27,core,expanding,0.544900064,0.48143521819541374
2020-10-28,core,expanding,0.34893918,0.40453627934023323
2020-10-29,core,expanding,0.446378939,0.47405116787490625
2020-10-30,core,expanding,0.845057097,0.759121008131353
2020-11-02,core,expanding,0.670739524,0.6642123628678474
2020-11-04,core,expanding,1.091689791,0.6702113505786202
2020-11-05,core,expanding,0.768100943,0.8619401134646587
2020-11-06,core,expanding,0.713393996,0.8097212233263329
2020-11-09,core,expanding,0.654973015,0.863175054688925
2020-11-10,core,expanding,1.208213665,0.8720271850254991
2020-11-11,core,expanding,0.657095434,0.7941602177458342
2020-11-12,core,expanding,0.752305459,0.7010949447325053
2020-11-13,core,expanding,0.531648173,0.7079177942493021
2020-11-16,core,expanding,0.532439433,0.6498351737813393
2020-11-17,core,expanding,0.580677804,0.5576804160798856
2020-11-18,core,expanding,0.636016558,0.619758880499375
2020-11-19,core,expanding,0.588488078,0.562035227693086
2020-11-20,core,expanding,0.426254578,0.4907103242924003
2020-11-24,core,expanding,0.69639187,0.6378035988000994
2020-11-25,core,expanding,0.85738196,0.8283543152132212
2020-11-26,core,expanding,0.606193625,0.734346401729122
2020-11-27,core,expanding,0.739621162,0.6216047981779782
2020-11-30,core,expanding,0.775589123,0.8625301920522147
2020-12-01,core,expanding,0.531484319,0.6387324550368512
2020-12-02,core,expanding,0.736963622,0.5545611950915617
2020-12-03,core,expanding,0.598062175,0.5637795676430049
2020-12-04,core,expanding,0.434678155,0.5386286956933015
2020-12-08,core,expanding,0.600967067,0.5391146002602729
2020-12-09,core,expanding,0.738760835,0.6463917963890561
2020-12-10,core,expanding,0.457992257,0.6192853058972914
2020-12-11,core,expanding,0.646048334,0.5944804703675033
2020-12-14,core,expanding,0.535721614,0.5644704732116141
2020-12-15,core,expanding,0.42590571,0.4494032097201881
2020-12-16,core,expanding,0.26991797,0.4451666457219835
2020-12-17,core,expanding,0.41333417,0.3961344658516185
2020-12-18,core,expanding,0.305366994,0.38321121621744536
2020-12-22,core,expanding,0.650441839,0.5238417650290708
2020-12-23,core,expanding,0.517138735,0.4682918796542167
2020-12-24,core,expanding,0.48816684,0.44189861389734614
2020-12-25,core,expanding,0.213239076,0.3628297287707873
2020-12-28,core,expanding,0.473900025,0.3653115452199254
2020-12-29,core,expanding,0.711482416,0.9333874000891689
2020-12-30,core,expanding,0.632035233,0.5732280974282777
2020-01-06,momentum,static,0.443829037,0.5748299446985616
2020-01-07,momentum,static,0.447919573,0.5162098166930085
2020-01-08,momentum,static,1.027152773,0.7097248855071937
2020-01-09,momentum,static,0.400295234,0.6946536762004315
2020-01-10,momentum,static,0.508165364,0.43498582500971184
2020-01-14,momentum,static,0.471203499,0.3826702909208037
2020-01-15,momentum,static,0.343579157,0.4109248307065374
2020-01-16,momentum,static,0.330707564,0.33184992128777957
2020-01-17,momentum,static,0.275326113,0.3212746617801162
2020-01-20,momentum,static,0.247012754,0.21985727298041646
2020-01-21,momentum,static,0.602698829,0.4434493001518747
2020-01-22,momentum,static,0.333309522,0.48041302473200864
2020-01-23,momentum,static,0.519067395,0.3829395799036967
2020-01-24,momentum,static,0.357799229,0.38867748379709194
2020-01-27,momentum,static,0.54408387,0.4737077102313093
2020-01-28,momentum,static,0.604298524,0.440134421713245
2020-01-29,momentum,static,0.416585653,0.5066622802102161
2020-01-30,momentum,static,0.649670362,0.8532425834383133
2020-01-31,momentum,static,0.766731377,0.6645553154035102
2020-02-03,momentum,static,0.71047625,0.6866309924513474
2020-02-04,momentum,static,0.551705316,0.6577743583982065
2020-02-05,momentum,static,0.552148388,0.5242760087736482
2020-02-06,momentum,static,0.612367349,0.7386367075615675
2020-02-07,momentum,static,0.595072367,0.5503597118286705
2020-02-10,momentum,static,0.569252315,0.512905316477546
2020-02-12,momentum,static,0.597908773,0.49866158466963995
2020-02-13,momentum,static,0.505251332,0.4853322500041377
2020-02-14,momentum,static,0.432818531,0.4877516164822388
2020-02-17,momentum,static,0.685831233,0.5535588080853875
2020-02-18,momentum,static,0.550133498,0.6996253229284762
2020-02-19,momentum,static,0.453024339,0.589535308327719
2020-02-20,momentum,static,0.909203928,0.7437921286208282
2020-02-21,momentum,static,0.69606655,0.6718988008968553
2020-02-25,momentum,static,1.977907045,1.2961369576668285
2020-02-26,momentum,static,1.144741078,1.0813901424389774
2020-02-27,momentum,static,0.999743708,1.2239401225179556
2020-02-28,momentum,static,1.812671215,1.6182807729310325
2020-03-02,momentum,static,1.690420042,1.7461798931478625
2020-03-03,momentum,static,1.299304182,1.637015476191083
2020-03-04,momentum,static,1.276170519,1.1920115101446898
2020-03-05,momentum,static,0.896021844,0.9222054297840636
2020-03-06,momentum,static,0.924346866,1.3365706056310804
2020-03-09,momentum,static,2.136873712,2.2018941376376313
2020-03-10,momentum,static,2.992283522,2.3450222834197785
2020-03-11,momentum,static,1.907355177,1.8890094829046178
2020-03-12,momentum,static,2.338532313,2.409645421354644
2020-03-13,momentum,static,6.204045398,4.051508989283565
2020-03-16,momentum,static,3.785798664,2.9765655831774187
2020-03-17,momentum,static,4.355636836,3.3363610780525135
2020-03-18,momentum,static,2.641051938,2.632441313785862
2020-03-19,momentum,static,2.735579004,2.6900924405531965
2020-03-23,momentum,static,2.372933879,2.155524955942309
2020-03-24,momentum,static,3.043653469,2.488294991503412
2020-03-25,momentum,static,3.030864193,2.714786577081805
2020-03-26,momentum,static,2.714886874,2.4593494314966042
2020-03-27,momentum,static,2.881819608,1.8310430626669008
2020-03-30,momentum,static,1.653753133,1.8596969383469697
2020-03-31,momentum,static,1.782464038,1.7277080224832415
2020-04-01,momentum,static,1.90831348,2.756085458139053
2020-04-02,momentum,static,2.137783925,1.7305439968475431
2020-04-03,momentum,static,1.416143394,1.694702491237643
2020-04-06,momentum,static,2.191153262,2.2023765948717693
2020-04-07,momentum,static,2.200023272,1.8576755100623341
2020-04-08,momentum,static,2.17473622,1.9976159961491313
2020-04-09,momentum,static,1.129311095,1.3164254576130843
2020-04-10,momentum,static,0.94408103,1.1575107965258247
2020-04-13,momentum,static,0.975749801,1.3529502864698806
2020-04-14,momentum,static,1.2967237,1.5780181027236093
2020-04-15,momentum,static,1.249582365,1.0448279314570859
2020-04-16,momentum,static,0.833278258,1.0682177534280095
2020-04-17,momentum,static,1.198615318,1.1220937090658172
2020-04-20,momentum,static,0.817113554,0.9360001208236507
2020-04-21,momentum,static,1.104070623,1.1606607899228307
2020-04-22,momentum,static,1.151931086,1.0784004650205856
2020-04-23,momentum,static,0.868628915,0.9445473755466696
2020-04-24,momentum,static,0.661546247,0.8982026601144606
2020-04-27,momentum,static,0.899870304,1.0743635752185114
2020-04-28,momentum,static,0.776415023,0.8162491112303993
2020-04-30,momentum,static,1.134217036,0.8848519968645434
2020-05-01,momentum,static,0.884076521,1.3393788817854082
2020-05-07,momentum,static,0.718969849,0.939010001912709
2020-05-08,momentum,static,0.964118011,0.8733720765902587
2020-05-11,momentum,static,0.701833851,0.8446838257255431
2020-05-12,momentum,static,0.765501596,0.6723415020722401
2020-05-13,momentum,static,0.738572469,0.8372882439496232
2020-05-14,momentum,static,0.786095812,0.9169657307325197
2020-05-15,momentum,static,1.065849985,0.9776309372280949
2020-05-18,momentum,static,0.718953333,0.7885237112047373
2020-05-19,momentum,static,0.986823879,0.7393983039359298
2020-05-20,momentum,static,0.542957235,0.8079399815365084
2020-05-21,momentum,static,0.637151059,0.721976485794408
2020-05-22,momentum,static,0.880887866,0.8252006248626125
2020-05-25,momentum,static,0.480314406,0.6466630521447158
2020-05-26,momentum,static,0.680123899,0.8559881966022962
2020-05-27,momentum,static,1.099315168,0.7957285128688167
2020-05-28,momentum,static,1.240934257,0.9025561174712717
2020-05-29,momentum,static,0.74741215,0.8265424779402586
2020-06-01,momentum,static,0.779882255,0.737428784014194
2020-06-02,momentum,static,0.740833639,0.7803241533434543
2020-06-03,momentum,static,1.175509488,0.8673049437294424
2020-06-04,momentum,static,1.019072518,1.0365817930872185
2020-06-05,momentum,static,0.752184971,0.8622518080798801
2020-06-08,momentum,static,0.705807737,0.6086022413870513
2020-06-09,momentum,static,0.800625867,0.7336016978149218
2020-06-10,momentum,static,0.644006769,0.7897108927623859
2020-06-11,momentum,static,1.057786066,1.1539914468377908
2020-06-12,momentum,static,1.873530721,1.2508545186460869
2020-06-15,momentum,static,1.253188413,1.8278093982233137
2020-06-16,momentum,static,1.762280922,1.5046808747222546
2020-06-17,momentum,static,1.132329186,1.024013130973351
2020-06-18,momentum,static,1.039238823,1.0609030316533563
2020-06-19,momentum,static,0.711312978,0.8551563284306812
2020-06-22,momentum,static,0.740172733,0.8336434928130954
2020-06-23,momentum,static,1.328171393,1.0440055958994363
2020-06-24,momentum,static,0.650854447,0.8297911648859233
2020-06-25,momentum,static,0.837126421,0.8437660374086364
2020-06-26,momentum,static,0.52225455,0.7271546176771437
2020-06-29,momentum,static,1.042937423,0.9130428685913619
2020-06-30,momentum,static,0.802324787,0.7431022255373441
2020-07-01,momentum,static,0.675392123,0.8996005165392589
2020-07-02,momentum,static,0.864374712,0.7051791667410375
2020-07-03,momentum,static,0.543806561,0.69427790552387
2020-07-06,momentum,static,0.722722416,0.881571755636427
2020-07-07,momentum,static,0.679454142,0.6721595745152376
2020-07-08,momentum,static,0.638745327,0.7157106126751678
2020-07-09,momentum,static,0.744665426,0.7123744912116969
2020-07-10,momentum,static,0.674234845,0.8145599708176359
2020-07-13,momentum,static,0.493799481,0.6774742640115126
2020-07-14,momentum,static,0.443172384,0.5496865020915556
2020-07-15,momentum,static,0.5759464,0.5173890671504175
2020-07-16,momentum,static,0.500501004,0.6147774863551185
2020-07-17,momentum,static,0.604128131,0.5898360798399348
2020-07-20,momentum,static,0.543316422,0.5863969762502954
2020-07-21,momentum,static,0.495727185,0.4793944509145608
2020-07-22,momentum,static,0.400900443,0.48773530434591406
2020-07-27,momentum,static,0.530159459,0.6560634520923333
2020-07-28,momentum,static,0.402418128,0.5467049914785551
2020-07-29,momentum,static,0.555561983,0.5817160714992835
2020-07-30,momentum,static,0.4355534,0.545038912497753
2020-07-31,momentum,static,0.827835813,1.1862289387578084
2020-08-03,momentum,static,0.800551802,0.7440621996910342
2020-08-04,momentum,static,0.531000254,0.6433379926587277
2020-08-05,momentum,static,0.685309929,0.5790741757572291
2020-08-06,momentum,static,0.662495102,0.6724117857530049
2020-08-07,momentum,static,0.582473762,0.6689574596006663
2020-08-12,momentum,static,0.801026568,0.5822637202837442
2020-08-13,momentum,static,0.492186934,0.6268561905982748
2020-08-14,momentum,static,0.376563669,0.4515644163759372
2020-08-17,momentum,static,0.46562209,0.4953714777425427
2020-08-18,momentum,static,0.498476245,0.489872156802911
2020-08-19,momentum,static,0.479517149,0.5202779749982459
2020-08-20,momentum,static,0.535003939,0.6001357390515784
2020-08-21,momentum,static,0.663627343,0.5657384482525787
2020-08-24,momentum,static,0.472725062,0.5093106077584098
2020-08-25,momentum,static,0.44046512,0.5099412648237138
2020-08-26,momentum,static,0.527012451,0.4455377368808368
2020-08-27,momentum,static,0.406005229,0.4872890804543339
2020-08-28,momentum,static,2.412221136,1.277459378982445
2020-08-31,momentum,static,0.603577303,0.9356605314460622
2020-09-01,momentum,static,0.622983314,0.5921932593174775
2020-09-02,momentum,static,0.36441459,0.5635970553679445
2020-09-03,momentum,static,0.494984937,0.5445262698747775
2020-09-04,momentum,static,0.561056863,0.6174056447407701
2020-09-07,momentum,static,0.521269186,0.4804849838062002
2020-09-08,momentum,static,0.344895876,0.4579067207793701
2020-09-09,momentum,static,0.600426628,0.4930453818665911
2020-09-10,momentum,static,0.439098721,0.47038847651564913
2020-09-11,momentum,static,0.581854672,0.6252837920433826
2020-09-14,momentum,static,0.425250076,0.46107567190754023
2020-09-15,momentum,static,0.443537497,0.40452639698891923
2020-09-16,momentum,static,0.267471841,0.3865162713860905
2020-09-17,momentum,static,0.529964483,0.44197272123165027
2020-09-18,momentum,static,0.432305221,0.41584917553566036
2020-09-23,momentum,static,0.522525649,0.5007098086141826
2020-09-24,momentum,static,0.533882402,0.5601857122126821
2020-09-25,momentum,static,0.402366718,0.43638874019546875
2020-09-29,momentum,static,0.502545224,0.5570468872050369
2020-09-30,momentum,static,0.857744631,0.7513351481903645
2020-10-02,momentum,static,0.866890333,0.9033652396743519
2020-10-05,momentum,static,0.368427867,0.5428697170848762
2020-10-06,momentum,static,0.334132409,0.390339522460776
2020-10-07,momentum,static,0.367056242,0.44034762806813704
2020-10-08,momentum,static,0.447617028,0.5183411469621236
2020-10-09,momentum,static,0.470266114,0.45511765740805155
2020-10-12,momentum,static,0.320500851,0.3477044264682492
2020-10-13,momentum,static,0.461010767,0.38473804031201536
2020-10-14,momentum,static,0.376136179,0.39441854997611203
2020-10-15,momentum,static,0.366601903,0.39579247701672016
2020-10-16,momentum,static,0.676502477,0.42142143965845186
2020-10-19,momentum,static,0.530363974,0.47402944727319735
2020-10-20,momentum,static,0.36092951,0.4572026103952364
2020-10-21,momentum,static,0.317726374,0.33445090639841685
2020-10-22,momentum,static,0.413788753,0.38959548107102854
2020-10-23,momentum,static,0.441330118,0.3887539881798549
2020-10-26,momentum,static,0.350291331,0.3494704882186025
2020-10-27,momentum,static,0.544900064,0.485231034793333
2020-10-28,momentum,static,0.34893918,0.40833878866071277
2020-10-29,momentum,static,0.446378939,0.4785038646773845
2020-10-30,momentum,static,0.845057097,0.7616355915438034
2020-11-02,momentum,static,0.670739524,0.6654590561827384
2020-11-04,momentum,static,1.091689791,0.6591243988398199
2020-11-05,momentum,static,0.768100943,0.829101011774244
2020-11-06,momentum,static,0.713393996,0.765932781564736
2020-11-09,momentum,static,0.654973015,0.8186053572601011
2020-11-10,momentum,static,1.208213665,0.8200715142263997
2020-11-11,momentum,static,0.657095434,0.7415263530238838
2020-11-12,momentum,static,0.752305459,0.6628338056405784
2020-11-13,momentum,static,0.531648173,0.6737913385669735
2020-11-16,momentum,static,0.532439433,0.6291840626529136
2020-11-17,momentum,static,0.580677804,0.5318463131798817
2020-11-18,momentum,static,0.636016558,0.6031020823895618
2020-11-19,momentum,static,0.588488078,0.5578717145725566
2020-11-20,momentum,static,0.426254578,0.4897717196908433
2020-11-24,momentum,static,0.69639187,0.6438842114218316
2020-11-25,momentum,static,0.85738196,0.8094884242491702
2020-11-26,momentum,static,0.606193625,0.7112045021842763
2020-11-27,momentum,static,0.739621162,0.599598503013598
2020-11-30,momentum,static,0.775589123,0.8329639704799996
2020-12-01,momentum,static,0.531484319,0.6280843636346373
2020-12-02,momentum,static,0.736963622,0.5482994318548834
2020-12-03,momentum,static,0.598062175,0.5616412027256645
2020-12-04,momentum,static,0.434678155,0.5430231869923233
2020-12-08,momentum,static,0.600967067,0.5492745503449138
2020-12-09,momentum,static,0.738760835,0.6526816575282174
2020-12-10,momentum,static,0.457992257,0.6214506627835414
2020-12-11,momentum,static,0.646048334,0.6020905778760127
2020-12-14,momentum,static,0.535721614,0.565428724174488
2020-12-15,momentum,static,0.42590571,0.4482612466867013
2020-12-16,momentum,static,0.26991797,0.4543997085897089
2020-12-17,momentum,static,0.41333417,0.40745894787587605
2020-12-18,momentum,static,0.305366994,0.3907266346403321
2020-12-22,momentum,static,0.650441839,0.5297418660151721
2020-12-23,momentum,static,0.517138735,0.4771051552309723
2020-12-24,momentum,static,0.48816684,0.45335956703459523
2020-12-25,momentum,static,0.213239076,0.37484228070121606
2020-12-28,momentum,static,0.473900025,0.37781021760141686
2020-12-29,momentum,static,0.711482416,0.9080560930138863
2020-12-30,momentum,static,0.632035233,0.5467550932318771
2020-01-06,momentum,expanding,0.443829037,0.5748299446985616
2020-01-07,momentum,expanding,0.447919573,0.5162098166930085
2020-01-08,momentum,expanding,1.027152773,0.7097248855071938
2020-01-09,momentum,expanding,0.400295234,0.6946536762004315
2020-01-10,momentum,expanding,0.508165364,0.4349858250097119
2020-01-14,momentum,expanding,0.471203499,0.3825960999745991
2020-01-15,momentum,expanding,0.343579157,0.41108609839777904
2020-01-16,momentum,expanding,0.330707564,0.3323283023450332
2020-01-17,momentum,expanding,0.275326113,0.3213445428371261
2020-01-20,momentum,expanding,0.247012754,0.21998406107450963
2020-01-21,momentum,expanding,0.602698829,0.44343504941016604
2020-01-22,momentum,expanding,0.333309522,0.4797797103523299
2020-01-23,momentum,expanding,0.519067395,0.3827609230634101
2020-01-24,momentum,expanding,0.357799229,0.3884420419089152
2020-01-27,momentum,expanding,0.54408387,0.47362492305925585
2020-01-28,momentum,expanding,0.604298524,0.44027559539759403
2020-01-29,momentum,expanding,0.416585653,0.5062722991456583
2020-01-30,momentum,expanding,0.649670362,0.8538259105653766
2020-01-31,momentum,expanding,0.766731377,0.6642320024974673
2020-02-03,momentum,expanding,0.71047625,0.6866494773582702
2020-02-04,momentum,expanding,0.551705316,0.657698885401471
2020-02-05,momentum,expanding,0.552148388,0.5241885757253338
2020-02-06,momentum,expanding,0.612367349,0.7381302446716462
2020-02-07,momentum,expanding,0.595072367,0.5505527651466919
2020-02-10,momentum,expanding,0.569252315,0.5133189682510088
2020-02-12,momentum,expanding,0.597908773,0.4981987156071345
2020-02-13,momentum,expanding,0.505251332,0.4853185525853358
2020-02-14,momentum,expanding,0.432818531,0.48840244114053943
2020-02-17,momentum,expanding,0.685831233,0.5543580031701715
2020-02-18,momentum,expanding,0.550133498,0.6997349034563405
2020-02-19,momentum,expanding,0.453024339,0.5891384438619593
2020-02-20,momentum,expanding,0.909203928,0.7435240413702452
2020-02-21,momentum,expanding,0.69606655,0.671662010659389
2020-02-25,momentum,expanding,1.977907045,1.2959689122477718
2020-02-26,momentum,expanding,1.144741078,1.0798031896392912
2020-02-27,momentum,expanding,0.999743708,1.224622343267209
2020-02-28,momentum,expanding,1.812671215,1.619867701174539
2020-03-02,momentum,expanding,1.690420042,1.746239285539653
2020-03-03,momentum,expanding,1.299304182,1.6378938049511311
2020-03-04,momentum,expanding,1.276170519,1.192371083485435
2020-03-05,momentum,expanding,0.896021844,0.9221680913868112
2020-03-06,momentum,expanding,0.924346866,1.338615025807068
2020-03-09,momentum,expanding,2.136873712,2.2046142044986263
2020-03-10,momentum,expanding,2.992283522,2.342788907772685
2020-03-11,momentum,expanding,1.907355177,1.8877934048438567
2020-03-12,momentum,expanding,2.338532313,2.4085996006710535
2020-03-13,momentum,expanding,6.204045398,4.051432194749194
2020-03-16,momentum,expanding,3.785798664,2.9765262546445372
2020-03-17,momentum,expanding,4.355636836,3.337711809688939
2020-03-18,momentum,expanding,2.641051938,2.6322757955809206
2020-03-19,momentum,expanding,2.735579004,2.696947856507113
2020-03-23,momentum,expanding,2.372933879,2.1590921902169953
2020-03-24,momentum,expanding,3.043653469,2.48935435825215
2020-03-25,momentum,expanding,3.030864193,2.7149351371872177
2020-03-26,momentum,expanding,2.714886874,2.457751946092243
2020-03-27,momentum,expanding,2.881819608,1.8419926877437138
2020-03-30,momentum,expanding,1.653753133,1.8681695862212828
2020-03-31,momentum,expanding,1.782464038,1.7338427261628722
2020-04-01,momentum,expanding,1.90831348,2.761198706581201
2020-04-02,momentum,expanding,2.137783925,1.7330389027479147
2020-04-03,momentum,expanding,1.416143394,1.6965349711519884
2020-04-06,momentum,expanding,2.191153262,2.2110370683445284
2020-04-07,momentum,expanding,2.200023272,1.8625705116957967
2020-04-08,momentum,expanding,2.17473622,2.0049645274674335
2020-04-09,momentum,expanding,1.129311095,1.3187536310765298
2020-04-10,momentum,expanding,0.94408103,1.1598639108309035
2020-04-13,momentum,expanding,0.975749801,1.3511703395755263
2020-04-14,momentum,expanding,1.2967237,1.5805943301591565
2020-04-15,momentum,expanding,1.249582365,1.0401653019085604
2020-04-16,momentum,expanding,0.833278258,1.062691452262853
2020-04-17,momentum,expanding,1.198615318,1.1155193672925672
2020-04-20,momentum,expanding,0.817113554,0.9280851774283462
2020-04-21,momentum,expanding,1.104070623,1.1522171501416276
2020-04-22,momentum,expanding,1.151931086,1.0706122095169701
2020-04-23,momentum,expanding,0.868628915,0.93792558033013
2020-04-24,momentum,expanding,0.661546247,0.8907805281331849
2020-04-27,momentum,expanding,0.899870304,1.0732825507162107
2020-04-28,momentum,expanding,0.776415023,0.8132743843745375
2020-04-30,momentum,expanding,1.134217036,0.882723362021251
2020-05-01,momentum,expanding,0.884076521,1.3348528970736684
2020-05-07,momentum,expanding,0.718969849,0.9336979070635021
2020-05-08,momentum,expanding,0.964118011,0.8711432218999681
2020-05-11,momentum,expanding,0.701833851,0.8426511397194203
2020-05-12,momentum,expanding,0.765501596,0.669200824249597
2020-05-13,momentum,expanding,0.738572469,0.8343853783695605
2020-05-14,momentum,expanding,0.786095812,0.9135748657520619
2020-05-15,momentum,expanding,1.065849985,0.9756349663402152
2020-05-18,momentum,expanding,0.718953333,0.7862042054132522
2020-05-19,momentum,expanding,0.986823879,0.7383443724071307
2020-05-20,momentum,expanding,0.542957235,0.8067145121485724
2020-05-21,momentum,expanding,0.637151059,0.7190317429096914
2020-05-22,momentum,expanding,0.880887866,0.8218943830244461
2020-05-25,momentum,expanding,0.480314406,0.6447237101678528
2020-05-26,momentum,expanding,0.680123899,0.8565593922720582
2020-05-27,momentum,expanding,1.099315168,0.7943592096529309
2020-05-28,momentum,expanding,1.240934257,0.9029690940696307
2020-05-29,momentum,expanding,0.74741215,0.8255221382641618
2020-06-01,momentum,expanding,0.779882255,0.7361249969163104
2020-06-02,momentum,expanding,0.740833639,0.779228062231529
2020-06-03,momentum,expanding,1.175509488,0.8667318851561361
2020-06-04,momentum,expanding,1.019072518,1.0353529844425249
2020-06-05,momentum,expanding,0.752184971,0.8598588599983348
2020-06-08,momentum,expanding,0.705807737,0.6067451367353074
2020-06-09,momentum,expanding,0.800625867,0.7315533767130367
2020-06-10,momentum,expanding,0.644006769,0.787840607798608
2020-06-11,momentum,expanding,1.057786066,1.1505427670193993
2020-06-12,momentum,expanding,1.873530721,1.2499415866697354
2020-06-15,momentum,expanding,1.253188413,1.8266902769562803
2020-06-16,momentum,expanding,1.762280922,1.5124083162633282
2020-06-17,momentum,expanding,1.132329186,1.0231281377781034
2020-06-18,momentum,expanding,1.039238823,1.0631957817585107
2020-06-19,momentum,expanding,0.711312978,0.8578886559365472
2020-06-22,momentum,expanding,0.740172733,0.8360389318623251
2020-06-23,momentum,expanding,1.328171393,1.0468935765626826
2020-06-24,momentum,expanding,0.650854447,0.8287355996037081
2020-06-25,momentum,expanding,0.837126421,0.8393823708025336
2020-06-26,momentum,expanding,0.52225455,0.7248431785483154
2020-06-29,momentum,expanding,1.042937423,0.9096406232772105
2020-06-30,momentum,expanding,0.802324787,0.7435538686788601
2020-07-01,momentum,expanding,0.675392123,0.8989314291338663
2020-07-02,momentum,expanding,0.864374712,0.7033546048431706
2020-07-03,momentum,expanding,0.543806561,0.6929257526321538
2020-07-06,momentum,expanding,0.722722416,0.8857706809781393
2020-07-07,momentum,expanding,0.679454142,0.6716722741993281
2020-07-08,momentum,expanding,0.638745327,0.7154687229600616
2020-07-09,momentum,expanding,0.744665426,0.7111361073611309
2020-07-10,momentum,expanding,0.674234845,0.8120289499006575
2020-07-13,momentum,expanding,0.493799481,0.6771618597077398
2020-07-14,momentum,expanding,0.443172384,0.5461864768131921
2020-07-15,momentum,expanding,0.5759464,0.5156757852315432
2020-07-16,momentum,expanding,0.500501004,0.6108109033019079
2020-07-17,momentum,expanding,0.604128131,0.5862730576685186
2020-07-20,momentum,expanding,0.543316422,0.583191427008491
2020-07-21,momentum,expanding,0.495727185,0.4778496437310163
2020-07-22,momentum,expanding,0.400900443,0.484502235408705
2020-07-27,momentum,expanding,0.530159459,0.6536277040061053
2020-07-28,momentum,expanding,0.402418128,0.5443810606613683
2020-07-29,momentum,expanding,0.555561983,0.5781217030374344
2020-07-30,momentum,expanding,0.4355534,0.5416198648984957
2020-07-31,momentum,expanding,0.827835813,1.1835077277191939
2020-08-03,momentum,expanding,0.800551802,0.744465464053075
2020-08-04,momentum,expanding,0.531000254,0.6440471332440469
2020-08-05,momentum,expanding,0.685309929,0.5776904852068465
2020-08-06,momentum,expanding,0.662495102,0.6709092341228701
2020-08-07,momentum,expanding,0.582473762,0.6681828002374456
2020-08-12,momentum,expanding,0.801026568,0.5844856253471372
2020-08-13,momentum,expanding,0.492186934,0.6279832109159403
2020-08-14,momentum,expanding,0.376563669,0.4490844577309628
2020-08-17,momentum,expanding,0.46562209,0.4928832669686138
2020-08-18,momentum,expanding,0.498476245,0.488284268884865
2020-08-19,momentum,expanding,0.479517149,0.5189341702086355
2020-08-20,momentum,expanding,0.535003939,0.5957864562791362
2020-08-21,momentum,expanding,0.663627343,0.5618816247956204
2020-08-24,momentum,expanding,0.472725062,0.5063229277191227
2020-08-25,momentum,expanding,0.44046512,0.5106321807413257
2020-08-26,momentum,expanding,0.527012451,0.44396190083710624
2020-08-27,momentum,expanding,0.406005229,0.4850873229825236
2020-08-28,momentum,expanding,2.412221136,1.2795731546270914
2020-08-31,momentum,expanding,0.603577303,0.9379351162980761
2020-09-01,momentum,expanding,0.622983314,0.5930081604486166
2020-09-02,momentum,expanding,0.36441459,0.5651536057659872
2020-09-03,momentum,expanding,0.494984937,0.5470564433620575
2020-09-04,momentum,expanding,0.561056863,0.6179133101542499
2020-09-07,momentum,expanding,0.521269186,0.47815581966054804
2020-09-08,momentum,expanding,0.344895876,0.4582378377499455
2020-09-09,momentum,expanding,0.600426628,0.4917685854723048
2020-09-10,momentum,expanding,0.439098721,0.46950794152202374
2020-09-11,momentum,expanding,0.581854672,0.6260659006908735
2020-09-14,momentum,expanding,0.425250076,0.46297701478207237
2020-09-15,momentum,expanding,0.443537497,0.4052973259816375
2020-09-16,momentum,expanding,0.267471841,0.38886965085227077
2020-09-17,momentum,expanding,0.529964483,0.4425207387605578
2020-09-18,momentum,expanding,0.432305221,0.4155771686433014
2020-09-23,momentum,expanding,0.522525649,0.5025859290821172
2020-09-24,momentum,expanding,0.533882402,0.5594110713613779
2020-09-25,momentum,expanding,0.402366718,0.43522513877826713
2020-09-29,momentum,expanding,0.502545224,0.5601910679923751
2020-09-30,momentum,expanding,0.857744631,0.7527037615152758
2020-10-02,momentum,expanding,0.866890333,0.9057160987583099
2020-10-05,momentum,expanding,0.368427867,0.5450576472818195
2020-10-06,momentum,expanding,0.334132409,0.3932948226560403
2020-10-07,momentum,expanding,0.367056242,0.4432606080478485
2020-10-08,momentum,expanding,0.447617028,0.5216022427800249
2020-10-09,momentum,expanding,0.470266114,0.4549034887522104
2020-10-12,momentum,expanding,0.320500851,0.3464109833878467
2020-10-13,momentum,expanding,0.461010767,0.3859297662680514
2020-10-14,momentum,expanding,0.376136179,0.395052420271116
2020-10-15,momentum,expanding,0.366601903,0.3949425504393681
2020-10-16,momentum,expanding,0.676502477,0.4203291529252671
2020-10-19,momentum,expanding,0.530363974,0.47463335247463817
2020-10-20,momentum,expanding,0.36092951,0.45828648282576007
2020-10-21,momentum,expanding,0.317726374,0.3356429498300754
2020-10-22,momentum,expanding,0.413788753,0.38947681961348646
2020-10-23,momentum,expanding,0.441330118,0.38841646651431794
2020-10-26,momentum,expanding,0.350291331,0.3487294049144842
2020-10-27,momentum,expanding,0.544900064,0.48658866212801066
2020-10-28,momentum,expanding,0.34893918,0.40845487466101127
2020-10-29,momentum,expanding,0.446378939,0.4789915065780544
2020-10-30,momentum,expanding,0.845057097,0.7618759834143176
2020-11-02,momentum,expanding,0.670739524,0.6676856944146176
2020-11-04,momentum,expanding,1.091689791,0.6640849174661084
2020-11-05,momentum,expanding,0.768100943,0.8342985545689297
2020-11-06,momentum,expanding,0.713393996,0.7707713560423838
2020-11-09,momentum,expanding,0.654973015,0.8259216509512726
2020-11-10,momentum,expanding,1.208213665,0.8258740839100164
2020-11-11,momentum,expanding,0.657095434,0.7455164045455839
2020-11-12,momentum,expanding,0.752305459,0.6646020445526477
2020-11-13,momentum,expanding,0.531648173,0.673570191225661
2020-11-16,momentum,expanding,0.532439433,0.6319643272124056
2020-11-17,momentum,expanding,0.580677804,0.5327662826823658
2020-11-18,momentum,expanding,0.636016558,0.6013118662869419
2020-11-19,momentum,expanding,0.588488078,0.5551847994399886
2020-11-20,momentum,expanding,0.426254578,0.48567742596480346
2020-11-24,momentum,expanding,0.69639187,0.6459835575146899
2020-11-25,momentum,expanding,0.85738196,0.8100715208510326
2020-11-26,momentum,expanding,0.606193625,0.709405191968045
2020-11-27,momentum,expanding,0.739621162,0.5962976234663302
2020-11-30,momentum,expanding,0.775589123,0.8304288643924704
2020-12-01,momentum,expanding,0.531484319,0.6262801123101709
2020-12-02,momentum,expanding,0.736963622,0.5451950259733355
2020-12-03,momentum,expanding,0.598062175,0.5559223861540699
2020-12-04,momentum,expanding,0.434678155,0.5371911674853027
2020-12-08,momentum,expanding,0.600967067,0.5457426572735415
2020-12-09,momentum,expanding,0.738760835,0.6519920330119668
2020-12-10,momentum,expanding,0.457992257,0.6174383123616318
2020-12-11,momentum,expanding,0.646048334,0.5990410611504787
2020-12-14,momentum,expanding,0.535721614,0.5629825119362132
2020-12-15,momentum,expanding,0.42590571,0.4469557424515196
2020-12-16,momentum,expanding,0.26991797,0.4537880597839996
2020-12-17,momentum,expanding,0.41333417,0.4056200932310505
2020-12-18,momentum,expanding,0.305366994,0.38658855650601803
2020-12-22,momentum,expanding,0.650441839,0.5283198195971919
2020-12-23,momentum,expanding,0.517138735,0.47467162018137904
2020-12-24,momentum,expanding,0.48816684,0.45077061592342793
2020-12-25,momentum,expanding,0.213239076,0.37090121105123286
2020-12-28,momentum,expanding,0.473900025,0.3775590081137893
2020-12-29,momentum,expanding,0.711482416,0.9161773479878531
2020-12-30,momentum,expanding,0.632035233,0.5454679908183799
2020-01-06,extended,static,0.443829037,0.568628599587089
2020-01-07,extended,static,0.447919573,0.5264933875415436
2020-01-08,extended,static,1.027152773,0.7072977576915646
2020-01-09,extended,static,0.400295234,0.715793557659195
2020-01-10,extended,static,0.508165364,0.4313093468812816
2020-01-14,extended,static,0.471203499,0.39666540903541725
2020-01-15,extended,static,0.343579157,0.4159267856501837
2020-01-16,extended,static,0.330707564,0.33607726961991025
2020-01-17,extended,static,0.275326113,0.32471624619937484
2020-01-20,extended,static,0.247012754,0.21837141549539163
2020-01-21,extended,static,0.602698829,0.4481396840216568
2020-01-22,extended,static,0.333309522,0.4922940741801472
2020-01-23,extended,static,0.519067395,0.38253575546406976
2020-01-24,extended,static,0.357799229,0.3891764112763776
2020-01-27,extended,static,0.54408387,0.4749418558345023
2020-01-28,extended,static,0.604298524,0.45837779609905793
2020-01-29,extended,static,0.416585653,0.5104159260614207
2020-01-30,extended,static,0.649670362,0.846433586224109
2020-01-31,extended,static,0.766731377,0.6779963403427655
2020-02-03,extended,static,0.71047625,0.6921225612925466
2020-02-04,extended,static,0.551705316,0.64825247170482
2020-02-05,extended,static,0.552148388,0.508321745446245
2020-02-06,extended,static,0.612367349,0.7398966685464382
2020-02-07,extended,static,0.595072367,0.5396713490363307
2020-02-10,extended,static,0.569252315,0.5058640709495181
2020-02-12,extended,static,0.597908773,0.49254098407134583
2020-02-13,extended,static,0.505251332,0.47026959244685773
2020-02-14,extended,static,0.432818531,0.4793053879627194
2020-02-17,extended,static,0.685831233,0.5383248664731807
2020-02-18,extended,static,0.550133498,0.6785602342346777
2020-02-19,extended,static,0.453024339,0.5839536728714594
2020-02-20,extended,static,0.909203928,0.7360847763386948
2020-02-21,extended,static,0.69606655,0.6605576996110317
2020-02-25,extended,static,1.977907045,1.3009329997540706
2020-02-26,extended,static,1.144741078,1.1041618300834162
2020-02-27,extended,static,0.999743708,1.2202428471731839
2020-02-28,extended,static,1.812671215,1.683717248895588
2020-03-02,extended,static,1.690420042,1.748001211624245
2020-03-03,extended,static,1.299304182,1.5690789929333553
2020-03-04,extended,static,1.276170519,1.2139276776427246
2020-03-05,extended,static,0.896021844,0.8827719039414703
2020-03-06,extended,static,0.924346866,1.351562638286739
2020-03-09,extended,static,2.136873712,2.1842478103638028
2020-03-10,extended,static,2.992283522,2.4144485567972547
2020-03-11,extended,static,1.907355177,1.8339477713536343
2020-03-12,extended,static,2.338532313,2.4713331541407983
2020-03-13,extended,static,6.204045398,4.139052955648091
2020-03-16,extended,static,3.785798664,2.8819097741167816
2020-03-17,extended,static,4.355636836,3.4174296521281056
2020-03-18,extended,static,2.641051938,2.5323216425364947
2020-03-19,extended,static,2.735579004,2.771235542946064
2020-03-23,extended,static,2.372933879,2.1439326218351655
2020-03-24,extended,static,3.043653469,2.5370289434518902
2020-03-25,extended,static,3.030864193,2.6798554229892932
2020-03-26,extended,static,2.714886874,2.4311617089371302
2020-03-27,extended,static,2.881819608,1.8082649955650523
2020-03-30,extended,static,1.653753133,1.8633940205651032
2020-03-31,extended,static,1.782464038,1.6860501742187899
2020-04-01,extended,static,1.90831348,2.772214466918128
2020-04-02,extended,static,2.137783925,1.7861336452183048
2020-04-03,extended,static,1.416143394,1.6761973683970557
2020-04-06,extended,static,2.191153262,2.215093883921445
2020-04-07,extended,static,2.200023272,1.7883440551270018
2020-04-08,extended,static,2.17473622,2.0273833344519883
2020-04-09,extended,static,1.129311095,1.2542142812052823
2020-04-10,extended,static,0.94408103,1.1436128195998152
2020-04-13,extended,static,0.975749801,1.340948868981431
2020-04-14,extended,static,1.2967237,1.5933503996989977
2020-04-15,extended,static,1.249582365,0.9942688424445265
2020-04-16,extended,static,0.833278258,1.0667395779367863
2020-04-17,extended,static,1.198615318,1.1392210673727048
2020-04-20,extended,static,0.817113554,0.8377549192769256
2020-04-21,extended,static,1.104070623,1.0849999608966032
2020-04-22,extended,static,1.151931086,1.3384812658003231
2020-04-23,extended,static,0.868628915,0.9314309865147727
2020-04-24,extended,static,0.661546247,0.8926122234031668
2020-04-27,extended,static,0.899870304,1.0545998103792638
2020-04-28,extended,static,0.776415023,0.7894875946419968
2020-04-30,extended,static,1.134217036,0.9518492428214608
2020-05-01,extended,static,0.884076521,1.3499138957174253
2020-05-07,extended,static,0.718969849,0.9931294016768714
2020-05-08,extended,static,0.964118011,0.9019868114662594
2020-05-11,extended,static,0.701833851,0.8337833035454374
2020-05-12,extended,static,0.765501596,0.7030350887048209
2020-05-13,extended,static,0.738572469,0.8676890846751057
2020-05-14,extended,static,0.786095812,0.948189875846346
2020-05-15,extended,static,1.065849985,0.9932691924874258
2020-05-18,extended,static,0.718953333,0.8012357647451701
2020-05-19,extended,static,0.986823879,0.7235658352433957
2020-05-20,extended,static,0.542957235,0.8528768174361979
2020-05-21,extended,static,0.637151059,0.7301332110793215
2020-05-22,extended,static,0.880887866,0.8360171866477197
2020-05-25,extended,static,0.480314406,0.671251029628423
2020-05-26,extended,static,0.680123899,0.8967993072964487
2020-05-27,extended,static,1.099315168,0.7984930422195827
2020-05-28,extended,static,1.240934257,0.9315003903436088
2020-05-29,extended,static,0.74741215,0.8388972909189891
2020-06-01,extended,static,0.779882255,0.767504463282311
2020-06-02,extended,static,0.740833639,0.8136565663289853
2020-06-03,extended,static,1.175509488,0.9063047102844287
2020-06-04,extended,static,1.019072518,1.0501781184371632
2020-06-05,extended,static,0.752184971,0.9169958286109281
2020-06-08,extended,static,0.705807737,0.6180762863981255
2020-06-09,extended,static,0.800625867,0.7453174401415182
2020-06-10,extended,static,0.644006769,0.8359353409776668
2020-06-11,extended,static,1.057786066,1.1735941090599904
2020-06-12,extended,static,1.873530721,1.345018459448847
2020-06-15,extended,static,1.253188413,1.8442868283425387
2020-06-16,extended,static,1.762280922,1.5723431811612127
2020-06-17,extended,static,1.132329186,1.0261450064534827
2020-06-18,extended,static,1.039238823,1.1017414265614442
2020-06-19,extended,static,0.711312978,0.8875992327613406
2020-06-22,extended,static,0.740172733,0.8639349821230354
2020-06-23,extended,static,1.328171393,1.0672863246233946
2020-06-24,extended,static,0.650854447,0.8459735808307377
2020-06-25,extended,static,0.837126421,0.897869654554418
2020-06-26,extended,static,0.52225455,0.7519514338306017
2020-06-29,extended,static,1.042937423,0.9536558406003218
2020-06-30,extended,static,0.802324787,0.7588398812929146
2020-07-01,extended,static,0.675392123,0.907546617072412
2020-07-02,extended,static,0.864374712,0.7056972587934391
2020-07-03,extended,static,0.543806561,0.7005327073038898
2020-07-06,extended,static,0.722722416,0.9118957600443084
2020-07-07,extended,static,0.679454142,0.6511356064712183
2020-07-08,extended,static,0.638745327,0.7401379654247946
2020-07-09,extended,static,0.744665426,0.725480603874213
2020-07-10,extended,static,0.674234845,0.8249961600142303
2020-07-13,extended,static,0.493799481,0.6849182242317577
2020-07-14,extended,static,0.443172384,0.567704563026199
2020-07-15,extended,static,0.5759464,0.5248274726275564
2020-07-16,extended,static,0.500501004,0.6165028750332786
2020-07-17,extended,static,0.604128131,0.6048403257522628
2020-07-20,extended,static,0.543316422,0.5908416503085571
2020-07-21,extended,static,0.495727185,0.4802759826580779
2020-07-22,extended,static,0.400900443,0.4873359918772625
2020-07-27,extended,static,0.530159459,0.6507946051683147
2020-07-28,extended,static,0.402418128,0.5400257939038358
2020-07-29,extended,static,0.555561983,0.5896676608095475
2020-07-30,extended,static,0.4355534,0.5460652181986057
2020-07-31,extended,static,0.827835813,1.1834063077444863
2020-08-03,extended,static,0.800551802,0.7564085850154316
2020-08-04,extended,static,0.531000254,0.6503742561636241
2020-08-05,extended,static,0.685309929,0.5874084632721137
2020-08-06,extended,static,0.662495102,0.6770001718514261
2020-08-07,extended,static,0.582473762,0.6818995384422785
2020-08-12,extended,static,0.801026568,0.6421270226338087
2020-08-13,extended,static,0.492186934,0.6431202226337754
2020-08-14,extended,static,0.376563669,0.4733700061358771
2020-08-17,extended,static,0.46562209,0.5056467367096152
2020-08-18,extended,static,0.498476245,0.49436894744811766
2020-08-19,extended,static,0.479517149,0.5404319373000314
2020-08-20,extended,static,0.535003939,0.6296510660879437
2020-08-21,extended,static,0.663627343,0.5845631004085969
2020-08-24,extended,static,0.472725062,0.5202182382839502
2020-08-25,extended,static,0.44046512,0.5329103017960715
2020-08-26,extended,static,0.527012451,0.45526696591723714
2020-08-27,extended,static,0.406005229,0.48936268121980225
2020-08-28,extended,static,2.412221136,1.2847318426740164
2020-08-31,extended,static,0.603577303,0.9463095306401049
2020-09-01,extended,static,0.622983314,0.6060350694343611
2020-09-02,extended,static,0.36441459,0.574628022894982
2020-09-03,extended,static,0.494984937,0.5500423264878695
2020-09-04,extended,static,0.561056863,0.6528862942785876
2020-09-07,extended,static,0.521269186,0.4853906548258514
2020-09-08,extended,static,0.344895876,0.47460316105034805
2020-09-09,extended,static,0.600426628,0.529487306432243
2020-09-10,extended,static,0.439098721,0.4680392081774657
2020-09-11,extended,static,0.581854672,0.6699712787305058
2020-09-14,extended,static,0.425250076,0.46657664375924834
2020-09-15,extended,static,0.443537497,0.4048801685591467
2020-09-16,extended,static,0.267471841,0.4072035015044364
2020-09-17,extended,static,0.529964483,0.4691247932721207
2020-09-18,extended,static,0.432305221,0.4327470705871647
2020-09-23,extended,static,0.522525649,0.536785555010285
2020-09-24,extended,static,0.533882402,0.5846905346672875
2020-09-25,extended,static,0.402366718,0.4513840359153425
2020-09-29,extended,static,0.502545224,0.54337168993509
2020-09-30,extended,static,0.857744631,0.7749451303224115
2020-10-02,extended,static,0.866890333,0.8987867697272115
2020-10-05,extended,static,0.368427867,0.5717300534910111
2020-10-06,extended,static,0.334132409,0.4002580317670559
2020-10-07,extended,static,0.367056242,0.46940934486353436
2020-10-08,extended,static,0.447617028,0.5282610844697833
2020-10-09,extended,static,0.470266114,0.4537864759493901
2020-10-12,extended,static,0.320500851,0.34338411686305714
2020-10-13,extended,static,0.461010767,0.3949845620155782
2020-10-14,extended,static,0.376136179,0.4267169123424076
2020-10-15,extended,static,0.366601903,0.4151844137240645
2020-10-16,extended,static,0.676502477,0.4367356391307843
2020-10-19,extended,static,0.530363974,0.4964227909893425
2020-10-20,extended,static,0.36092951,0.48788187046022863
2020-10-21,extended,static,0.317726374,0.3468508963088525
2020-10-22,extended,static,0.413788753,0.4130906737056712
2020-10-23,extended,static,0.441330118,0.40158103957444713
2020-10-26,extended,static,0.350291331,0.3491574556064022
2020-10-27,extended,static,0.544900064,0.5245055170667785
2020-10-28,extended,static,0.34893918,0.42577276953336696
2020-10-29,extended,static,0.446378939,0.5257739300681661
2020-10-30,extended,static,0.845057097,0.753944841491229
2020-11-02,extended,static,0.670739524,0.7088522096325868
2020-11-04,extended,static,1.091689791,0.6946350383951558
2020-11-05,extended,static,0.768100943,0.8354956356040193
2020-11-06,extended,static,0.713393996,0.7616118527295471
2020-11-09,extended,static,0.654973015,0.8757576615666371
2020-11-10,extended,static,1.208213665,0.8293849830441238
2020-11-11,extended,static,0.657095434,0.7756083572481519
2020-11-12,extended,static,0.752305459,0.6727616663092464
2020-11-13,extended,static,0.531648173,0.6945059434782612
2020-11-16,extended,static,0.532439433,0.6520677358667002
2020-11-17,extended,static,0.580677804,0.5362872761207427
2020-11-18,extended,static,0.636016558,0.6206596954612381
2020-11-19,extended,static,0.588488078,0.5865036794025444
2020-11-20,extended,static,0.426254578,0.4878359470040139
2020-11-24,extended,static,0.69639187,0.7013975305280294
2020-11-25,extended,static,0.85738196,0.8077556755026556
2020-11-26,extended,static,0.606193625,0.7286250495719441
2020-11-27,extended,static,0.739621162,0.6273806780261084
2020-11-30,extended,static,0.775589123,0.8332208001695081
2020-12-01,extended,static,0.531484319,0.6548349646062648
2020-12-02,extended,static,0.736963622,0.5651931904582439
2020-12-03,extended,static,0.598062175,0.5950052302759963
2020-12-04,extended,static,0.434678155,0.5626444252522049
2020-12-08,extended,static,0.600967067,0.553029446453134
2020-12-09,extended,static,0.738760835,0.6980917219754019
2020-12-10,extended,static,0.457992257,0.6536086987672255
2020-12-11,extended,static,0.646048334,0.629704488401906
2020-12-14,extended,static,0.535721614,0.5917319880179965
2020-12-15,extended,static,0.42590571,0.47890009528951416
2020-12-16,extended,static,0.26991797,0.4719439277206845
2020-12-17,extended,static,0.41333417,0.43298981787778146
2020-12-18,extended,static,0.305366994,0.412271620725693
2020-12-22,extended,static,0.650441839,0.5548637119274522
2020-12-23,extended,static,0.517138735,0.5158131598693841
2020-12-24,extended,static,0.48816684,0.48842833406857233
2020-12-25,extended,static,0.213239076,0.3991577633211643
2020-12-28,extended,static,0.473900025,0.4176499825094695
2020-12-29,extended,static,0.711482416,0.9549894906942307
2020-12-30,extended,static,0.632035233,0.5808808321906094
2020-01-06,extended,expanding,0.443829037,0.568628599587089
2020-01-07,extended,expanding,0.447919573,0.5264933875415435
2020-01-08,extended,expanding,1.027152773,0.7072977576915646
2020-01-09,extended,expanding,0.400295234,0.715793557659195
2020-01-10,extended,expanding,0.508165364,0.4313093468812816
2020-01-14,extended,expanding,0.471203499,0.3966201432645595
2020-01-15,extended,expanding,0.343579157,0.41583318052808216
2020-01-16,extended,expanding,0.330707564,0.3358506612319763
2020-01-17,extended,expanding,0.275326113,0.3246634847031077
2020-01-20,extended,expanding,0.247012754,0.21823908623734523
2020-01-21,extended,expanding,0.602698829,0.4482029735462941
2020-01-22,extended,expanding,0.333309522,0.4915117409259985
2020-01-23,extended,expanding,0.519067395,0.38257546435684253
2020-01-24,extended,expanding,0.357799229,0.3884410677697388
2020-01-27,extended,expanding,0.54408387,0.4748670002762008
2020-01-28,extended,expanding,0.604298524,0.45845159508194183
2020-01-29,extended,expanding,0.416585653,0.5093062882756323
2020-01-30,extended,expanding,0.649670362,0.8473841563062697
2020-01-31,extended,expanding,0.766731377,0.6770958324518048
2020-02-03,extended,expanding,0.71047625,0.6918699231139185
2020-02-04,extended,expanding,0.551705316,0.6486413192012704
2020-02-05,extended,expanding,0.552148388,0.5082679619532366
2020-02-06,extended,expanding,0.612367349,0.7388433457012382
2020-02-07,extended,expanding,0.595072367,0.5403486999562699
2020-02-10,extended,expanding,0.569252315,0.5058270412434542
2020-02-12,extended,expanding,0.597908773,0.4918361917367834
2020-02-13,extended,expanding,0.505251332,0.47010395021446794
2020-02-14,extended,expanding,0.432818531,0.47938449226517627
2020-02-17,extended,expanding,0.685831233,0.5390482090738952
2020-02-18,extended,expanding,0.550133498,0.6787527765635148
2020-02-19,extended,expanding,0.453024339,0.5829804690295783
2020-02-20,extended,expanding,0.909203928,0.7355346072528249
2020-02-21,extended,expanding,0.69606655,0.6597725618844916
2020-02-25,extended,expanding,1.977907045,1.3008359165790597
2020-02-26,extended,expanding,1.144741078,1.1031535857903245
2020-02-27,extended,expanding,0.999743708,1.221558664992447
2020-02-28,extended,expanding,1.812671215,1.6873642236934177
2020-03-02,extended,expanding,1.690420042,1.7462979271605616
2020-03-03,extended,expanding,1.299304182,1.5705668402129298
2020-03-04,extended,expanding,1.276170519,1.2146040234885769
2020-03-05,extended,expanding,0.896021844,0.8803104624368889
2020-03-06,extended,expanding,0.924346866,1.3553650342525054
2020-03-09,extended,expanding,2.136873712,2.18976165772212
2020-03-10,extended,expanding,2.992283522,2.4125108510313433
2020-03-11,extended,expanding,1.907355177,1.8303225841271458
2020-03-12,extended,expanding,2.338532313,2.4746187037603615
2020-03-13,extended,expanding,6.204045398,4.152297178327847
2020-03-16,extended,expanding,3.785798664,2.873756211885498
2020-03-17,extended,expanding,4.355636836,3.4265190434663664
2020-03-18,extended,expanding,2.641051938,2.5244651336261708
2020-03-19,extended,expanding,2.735579004,2.793557161169478
2020-03-23,extended,expanding,2.372933879,2.1512408100464544
2020-03-24,extended,expanding,3.043653469,2.550265027617587
2020-03-25,extended,expanding,3.030864193,2.683724607529237
2020-03-26,extended,expanding,2.714886874,2.4285203154296773
2020-03-27,extended,expanding,2.881819608,1.824989974970444
2020-03-30,extended,expanding,1.653753133,1.881534098746743
2020-03-31,extended,expanding,1.782464038,1.6938415171110814
2020-04-01,extended,expanding,1.90831348,2.7883177425728167
2020-04-02,extended,expanding,2.137783925,1.7956485964361757
2020-04-03,extended,expanding,1.416143394,1.6808603309797756
2020-04-06,extended,expanding,2.191153262,2.237433761621767
2020-04-07,extended,expanding,2.200023272,1.7942817487749458
2020-04-08,extended,expanding,2.17473622,2.046080636285268
2020-04-09,extended,expanding,1.129311095,1.259813892246983
2020-04-10,extended,expanding,0.94408103,1.1481957376700431
2020-04-13,extended,expanding,0.975749801,1.339058781146329
2020-04-14,extended,expanding,1.2967237,1.6026989929302697
2020-04-15,extended,expanding,1.249582365,0.9889284872760458
2020-04-16,extended,expanding,0.833278258,1.0623247013626207
2020-04-17,extended,expanding,1.198615318,1.1298925340985062
2020-04-20,extended,expanding,0.817113554,0.8223054124243127
2020-04-21,extended,expanding,1.104070623,1.0672042967899134
2020-04-22,extended,expanding,1.151931086,1.3398850204805615
2020-04-23,extended,expanding,0.868628915,0.9226731923797327
2020-04-24,extended,expanding,0.661546247,0.8812247846444814
2020-04-27,extended,expanding,0.899870304,1.0579683602192573
2020-04-28,extended,expanding,0.776415023,0.7872596073351593
2020-04-30,extended,expanding,1.134217036,0.9425768032120723
2020-05-01,extended,expanding,0.884076521,1.3430355595667836
2020-05-07,extended,expanding,0.718969849,0.9811787567839487
2020-05-08,extended,expanding,0.964118011,0.8974585610582669
2020-05-11,extended,expanding,0.701833851,0.8290014665439162
2020-05-12,extended,expanding,0.765501596,0.6916621476774969
2020-05-13,extended,expanding,0.738572469,0.8597545594574912
2020-05-14,extended,expanding,0.786095812,0.934468057891547
2020-05-15,extended,expanding,1.065849985,0.9830016145479448
2020-05-18,extended,expanding,0.718953333,0.7954938123509346
2020-05-19,extended,expanding,0.986823879,0.716711332943885
2020-05-20,extended,expanding,0.542957235,0.842285180979918
2020-05-21,extended,expanding,0.637151059,0.7200081379517245
2020-05-22,extended,expanding,0.880887866,0.824127259768497
2020-05-25,extended,expanding,0.480314406,0.6641104428402007
2020-05-26,extended,expanding,0.680123899,0.89304410173475
2020-05-27,extended,expanding,1.099315168,0.7904929213965993
2020-05-28,extended,expanding,1.240934257,0.925388584360008
2020-05-29,extended,expanding,0.74741215,0.8306817144260894
2020-06-01,extended,expanding,0.779882255,0.7556033444705579
2020-06-02,extended,expanding,0.740833639,0.801322502291006
2020-06-03,extended,expanding,1.175509488,0.8947021056009803
2020-06-04,extended,expanding,1.019072518,1.0414087228540607
2020-06-05,extended,expanding,0.752184971,0.9082260960478318
2020-06-08,extended,expanding,0.705807737,0.6088714961753035
2020-06-09,extended,expanding,0.800625867,0.7346839520176198
2020-06-10,extended,expanding,0.644006769,0.8240069758282613
2020-06-11,extended,expanding,1.057786066,1.1600173737760464
2020-06-12,extended,expanding,1.873530721,1.3297503543115385
2020-06-15,extended,expanding,1.253188413,1.8370496175220723
2020-06-16,extended,expanding,1.762280922,1.5754090346184888
2020-06-17,extended,expanding,1.132329186,1.0149740995154959
2020-06-18,extended,expanding,1.039238823,1.0938742515102473
2020-06-19,extended,expanding,0.711312978,0.8802059666055203
2020-06-22,extended,expanding,0.740172733,0.8566047492221756
2020-06-23,extended,expanding,1.328171393,1.0612366308325152
2020-06-24,extended,expanding,0.650854447,0.8386471692762572
2020-06-25,extended,expanding,0.837126421,0.8794391825457517
2020-06-26,extended,expanding,0.52225455,0.7392864226347092
2020-06-29,extended,expanding,1.042937423,0.9370816651925118
2020-06-30,extended,expanding,0.802324787,0.7529527130925562
2020-07-01,extended,expanding,0.675392123,0.9020597377240476
2020-07-02,extended,expanding,0.864374712,0.6948180645775296
2020-07-03,extended,expanding,0.543806561,0.6912512325136491
2020-07-06,extended,expanding,0.722722416,0.9082234563535212
2020-07-07,extended,expanding,0.679454142,0.6435859195346514
2020-07-08,extended,expanding,0.638745327,0.7327450808772564
2020-07-09,extended,expanding,0.744665426,0.7173323467702546
2020-07-10,extended,expanding,0.674234845,0.8134778681389713
2020-07-13,extended,expanding,0.493799481,0.6777065027082845
2020-07-14,extended,expanding,0.443172384,0.5528090375652188
2020-07-15,extended,expanding,0.5759464,0.5151547171632099
2020-07-16,extended,expanding,0.500501004,0.6039869750331917
2020-07-17,extended,expanding,0.604128131,0.592012805861125
2020-07-20,extended,expanding,0.543316422,0.5770075261820375
2020-07-21,extended,expanding,0.495727185,0.46942807365511635
2020-07-22,extended,expanding,0.400900443,0.4741704447556205
2020-07-27,extended,expanding,0.530159459,0.6364470733515997
2020-07-28,extended,expanding,0.402418128,0.5277612789078375
2020-07-29,extended,expanding,0.555561983,0.5750891743979996
2020-07-30,extended,expanding,0.4355534,0.5332920801687067
2020-07-31,extended,expanding,0.827835813,1.1719256983193818
2020-08-03,extended,expanding,0.800551802,0.7489264783198418
2020-08-04,extended,expanding,0.531000254,0.6401175562808996
2020-08-05,extended,expanding,0.685309929,0.5727775498044136
2020-08-06,extended,expanding,0.662495102,0.66328058564994
2020-08-07,extended,expanding,0.582473762,0.6702855238776934
2020-08-12,extended,expanding,0.801026568,0.6354470242125363
2020-08-13,extended,expanding,0.492186934,0.6356783127853679
2020-08-14,extended,expanding,0.376563669,0.4604693090980568
2020-08-17,extended,expanding,0.46562209,0.49168293204580216
2020-08-18,extended,expanding,0.498476245,0.48176390201590974
2020-08-19,extended,expanding,0.479517149,0.5317688374081314
2020-08-20,extended,expanding,0.535003939,0.612173667471409
2020-08-21,extended,expanding,0.663627343,0.5694849143842121
2020-08-24,extended,expanding,0.472725062,0.5059491947356353
2020-08-25,extended,expanding,0.44046512,0.5227898458577142
2020-08-26,extended,expanding,0.527012451,0.4382825629082444
2020-08-27,extended,expanding,0.406005229,0.47645062077968925
2020-08-28,extended,expanding,2.412221136,1.2757634594277802
2020-08-31,extended,expanding,0.603577303,0.9399866067010987
2020-09-01,extended,expanding,0.622983314,0.5959924860349749
2020-09-02,extended,expanding,0.36441459,0.5651698976528037
2020-09-03,extended,expanding,0.494984937,0.5398173675371545
2020-09-04,extended,expanding,0.561056863,0.6433058577545702
2020-09-07,extended,expanding,0.521269186,0.4746770707646047
2020-09-08,extended,expanding,0.344895876,0.4631393267809443
2020-09-09,extended,expanding,0.600426628,0.5130337333872752
2020-09-10,extended,expanding,0.439098721,0.45585854405424275
2020-09-11,extended,expanding,0.581854672,0.6578368768048739
2020-09-14,extended,expanding,0.425250076,0.4559067145682437
2020-09-15,extended,expanding,0.443537497,0.39098574050878243
2020-09-16,extended,expanding,0.267471841,0.39462930272894337
2020-09-17,extended,expanding,0.529964483,0.4564069660210882
2020-09-18,extended,expanding,0.432305221,0.41990463989187726
2020-09-23,extended,expanding,0.522525649,0.5241881206869409
2020-09-24,extended,expanding,0.533882402,0.5705542010951015
2020-09-25,extended,expanding,0.402366718,0.440318824985721
2020-09-29,extended,expanding,0.502545224,0.5328521825266688
2020-09-30,extended,expanding,0.857744631,0.7634667312579995
2020-10-02,extended,expanding,0.866890333,0.8869948650919578
2020-10-05,extended,expanding,0.368427867,0.5584336455752649
2020-10-06,extended,expanding,0.334132409,0.38675390127592457
2020-10-07,extended,expanding,0.367056242,0.4578575289700489
2020-10-08,extended,expanding,0.447617028,0.5157022320241471
2020-10-09,extended,expanding,0.470266114,0.4390133421536239
2020-10-12,extended,expanding,0.320500851,0.3268606989220676
2020-10-13,extended,expanding,0.461010767,0.3801921368205129
2020-10-14,extended,expanding,0.376136179,0.41149267802872774
2020-10-15,extended,expanding,0.366601903,0.39906302992455167
2020-10-16,extended,expanding,0.676502477,0.4197016556381029
2020-10-19,extended,expanding,0.530363974,0.48310943451594185
2020-10-20,extended,expanding,0.36092951,0.47323890966489907
2020-10-21,extended,expanding,0.317726374,0.33289671566544876
2020-10-22,extended,expanding,0.413788753,0.397929800873379
2020-10-23,extended,expanding,0.441330118,0.3871611820023323
2020-10-26,extended,expanding,0.350291331,0.3338766366296432
2020-10-27,extended,expanding,0.544900064,0.5099936041048754
2020-10-28,extended,expanding,0.34893918,0.41202654630436963
2020-10-29,extended,expanding,0.446378939,0.5094078423827411
2020-10-30,extended,expanding,0.845057097,0.740778921914864
2020-11-02,extended,expanding,0.670739524,0.6984251171374556
2020-11-04,extended,expanding,1.091689791,0.6848299770641122
2020-11-05,extended,expanding,0.768100943,0.8288908150073433
2020-11-06,extended,expanding,0.713393996,0.7548677355657303
2020-11-09,extended,expanding,0.654973015,0.873555324393625
2020-11-10,extended,expanding,1.208213665,0.8227546863305741
2020-11-11,extended,expanding,0.657095434,0.7704253222279177
2020-11-12,extended,expanding,0.752305459,0.6618986506258584
2020-11-13,extended,expanding,0.531648173,0.6821426628718533
2020-11-16,extended,expanding,0.532439433,0.643798661651092
2020-11-17,extended,expanding,0.580677804,0.5240742296179987
2020-11-18,extended,expanding,0.636016558,0.6056271948027057
2020-11-19,extended,expanding,0.588488078,0.5678438403615464
2020-11-20,extended,expanding,0.426254578,0.4689715500080412
2020-11-24,extended,expanding,0.69639187,0.6885298322306419
2020-11-25,extended,expanding,0.85738196,0.7938415400074504
2020-11-26,extended,expanding,0.606193625,0.7155744075839539
2020-11-27,extended,expanding,0.739621162,0.6092787954402126
2020-11-30,extended,expanding,0.775589123,0.8169052052203017
2020-12-01,extended,expanding,0.531484319,0.6304388458780257
2020-12-02,extended,expanding,0.736963622,0.5367535488476258
2020-12-03,extended,expanding,0.598062175,0.5648403650572136
2020-12-04,extended,expanding,0.434678155,0.5318333754782685
2020-12-08,extended,expanding,0.600967067,0.5250837885710451
2020-12-09,extended,expanding,0.738760835,0.6775095800989003
2020-12-10,extended,expanding,0.457992257,0.6250920621585752
2020-12-11,extended,expanding,0.646048334,0.6021901034751409
2020-12-14,extended,expanding,0.535721614,0.5648642690900126
2020-12-15,extended,expanding,0.42590571,0.4533585739448316
2020-12-16,extended,expanding,0.26991797,0.44879153422504925
2020-12-17,extended,expanding,0.41333417,0.4067929285233362
2020-12-18,extended,expanding,0.305366994,0.3829403582540894
2020-12-22,extended,expanding,0.650441839,0.5285051004323763
2020-12-23,extended,expanding,0.517138735,0.48998968847333546
2020-12-24,extended,expanding,0.48816684,0.4603287863997393
2020-12-25,extended,expanding,0.213239076,0.36858888473318313
2020-12-28,extended,expanding,0.473900025,0.392067909420306
2020-12-29,extended,expanding,0.711482416,0.9421655357827531
2020-12-30,extended,expanding,0.632035233,0.5571066567680654
